"","Date","AveragePrice","Total Volume","type","year","region","Season","state","cost"
"1",2015-12-27,0.93,661137.13,"conventional",2015,"Chicago",1,"Illinois",614857.53
"2",2015-12-20,0.91,690669.34,"conventional",2015,"Chicago",1,"Illinois",628509.1
"3",2015-12-13,1.07,668601.5,"conventional",2015,"Chicago",1,"Illinois",715403.61
"4",2015-12-06,1.14,664020.49,"conventional",2015,"Chicago",1,"Illinois",756983.36
"5",2015-11-29,1.11,602481.22,"conventional",2015,"Chicago",4,"Illinois",668754.15
"6",2015-11-22,0.94,751897.89,"conventional",2015,"Chicago",4,"Illinois",706784.02
"7",2015-11-15,1.17,641881.96,"conventional",2015,"Chicago",4,"Illinois",751001.89
"8",2015-11-08,1.01,711146.61,"conventional",2015,"Chicago",4,"Illinois",718258.08
"9",2015-11-01,1,807041.46,"conventional",2015,"Chicago",4,"Illinois",807041.46
"10",2015-10-25,1.12,687650.27,"conventional",2015,"Chicago",4,"Illinois",770168.3
"11",2015-10-18,1.15,690302.58,"conventional",2015,"Chicago",4,"Illinois",793847.97
"12",2015-10-11,1.08,708914.17,"conventional",2015,"Chicago",4,"Illinois",765627.3
"13",2015-10-04,1.18,675172.63,"conventional",2015,"Chicago",4,"Illinois",796703.7
"14",2015-09-27,1.15,720501.55,"conventional",2015,"Chicago",4,"Illinois",828576.78
"15",2015-09-20,1.19,729117.42,"conventional",2015,"Chicago",4,"Illinois",867649.73
"16",2015-09-13,1.19,775671.49,"conventional",2015,"Chicago",4,"Illinois",923049.07
"17",2015-09-06,1.11,808677.78,"conventional",2015,"Chicago",4,"Illinois",897632.34
"18",2015-08-30,1.12,773773.53,"conventional",2015,"Chicago",3,"Illinois",866626.35
"19",2015-08-23,1.2,751850.01,"conventional",2015,"Chicago",3,"Illinois",902220.01
"20",2015-08-16,1.16,817690.89,"conventional",2015,"Chicago",3,"Illinois",948521.43
"21",2015-08-09,1.25,731125.01,"conventional",2015,"Chicago",3,"Illinois",913906.26
"22",2015-08-02,1.27,761027.42,"conventional",2015,"Chicago",3,"Illinois",966504.82
"23",2015-07-26,1.12,791332.34,"conventional",2015,"Chicago",3,"Illinois",886292.22
"24",2015-07-19,1.24,797060.27,"conventional",2015,"Chicago",3,"Illinois",988354.73
"25",2015-07-12,1.26,772151.2,"conventional",2015,"Chicago",3,"Illinois",972910.51
"26",2015-07-05,1.24,937317.45,"conventional",2015,"Chicago",3,"Illinois",1162273.64
"27",2015-06-28,1.21,786250.22,"conventional",2015,"Chicago",3,"Illinois",951362.77
"28",2015-06-21,1.24,804902.52,"conventional",2015,"Chicago",3,"Illinois",998079.12
"29",2015-06-14,1.21,868197.41,"conventional",2015,"Chicago",3,"Illinois",1050518.87
"30",2015-06-07,1.24,824216.23,"conventional",2015,"Chicago",3,"Illinois",1022028.13
"31",2015-05-31,1.26,803571.87,"conventional",2015,"Chicago",2,"Illinois",1012500.56
"32",2015-05-24,1.23,887105.04,"conventional",2015,"Chicago",2,"Illinois",1091139.2
"33",2015-05-17,1.23,817870.17,"conventional",2015,"Chicago",2,"Illinois",1005980.31
"34",2015-05-10,1.23,835938.63,"conventional",2015,"Chicago",2,"Illinois",1028204.51
"35",2015-05-03,1.04,978376.13,"conventional",2015,"Chicago",2,"Illinois",1017511.18
"36",2015-04-26,1.24,779868.01,"conventional",2015,"Chicago",2,"Illinois",967036.33
"37",2015-04-19,1.24,832529.06,"conventional",2015,"Chicago",2,"Illinois",1032336.03
"38",2015-04-12,1.24,710718.98,"conventional",2015,"Chicago",2,"Illinois",881291.54
"39",2015-04-05,1.27,751812.42,"conventional",2015,"Chicago",2,"Illinois",954801.77
"40",2015-03-29,1.22,757271.96,"conventional",2015,"Chicago",2,"Illinois",923871.79
"41",2015-03-22,1.21,799946.53,"conventional",2015,"Chicago",2,"Illinois",967935.3
"42",2015-03-15,1.09,827010.39,"conventional",2015,"Chicago",2,"Illinois",901441.33
"43",2015-03-08,1.18,772997.09,"conventional",2015,"Chicago",2,"Illinois",912136.57
"44",2015-03-01,1.09,863391.73,"conventional",2015,"Chicago",2,"Illinois",941096.99
"45",2015-02-22,1.18,773078.09,"conventional",2015,"Chicago",1,"Illinois",912232.15
"46",2015-02-15,1.17,726401.24,"conventional",2015,"Chicago",1,"Illinois",849889.45
"47",2015-02-08,1.13,729325.61,"conventional",2015,"Chicago",1,"Illinois",824137.94
"48",2015-02-01,0.91,1133491.66,"conventional",2015,"Chicago",1,"Illinois",1031477.41
"49",2015-01-25,1.22,745439.17,"conventional",2015,"Chicago",1,"Illinois",909435.79
"50",2015-01-18,1.14,797741.43,"conventional",2015,"Chicago",1,"Illinois",909425.23
"51",2015-01-11,1.15,802874.94,"conventional",2015,"Chicago",1,"Illinois",923306.18
"52",2015-01-04,1.11,783068.03,"conventional",2015,"Chicago",1,"Illinois",869205.51
"53",2015-12-27,0.99,107565.04,"conventional",2015,"Columbus",1,"Ohio",106489.39
"54",2015-12-20,1.03,117393.22,"conventional",2015,"Columbus",1,"Ohio",120915.02
"55",2015-12-13,1.03,124617.07,"conventional",2015,"Columbus",1,"Ohio",128355.58
"56",2015-12-06,0.99,137195.59,"conventional",2015,"Columbus",1,"Ohio",135823.63
"57",2015-11-29,1.03,97235.6,"conventional",2015,"Columbus",4,"Ohio",100152.67
"58",2015-11-22,1.04,115089.62,"conventional",2015,"Columbus",4,"Ohio",119693.2
"59",2015-11-15,0.99,117462.94,"conventional",2015,"Columbus",4,"Ohio",116288.31
"60",2015-11-08,0.95,152084.79,"conventional",2015,"Columbus",4,"Ohio",144480.55
"61",2015-11-01,0.99,135237.01,"conventional",2015,"Columbus",4,"Ohio",133884.64
"62",2015-10-25,1.04,119210.27,"conventional",2015,"Columbus",4,"Ohio",123978.68
"63",2015-10-18,0.98,137773.84,"conventional",2015,"Columbus",4,"Ohio",135018.36
"64",2015-10-11,0.9,145305.65,"conventional",2015,"Columbus",4,"Ohio",130775.08
"65",2015-10-04,0.93,134326.53,"conventional",2015,"Columbus",4,"Ohio",124923.67
"66",2015-09-27,1.02,137298.77,"conventional",2015,"Columbus",4,"Ohio",140044.75
"67",2015-09-20,1,165068.86,"conventional",2015,"Columbus",4,"Ohio",165068.86
"68",2015-09-13,1.02,169025.14,"conventional",2015,"Columbus",4,"Ohio",172405.64
"69",2015-09-06,1.04,144563.15,"conventional",2015,"Columbus",4,"Ohio",150345.68
"70",2015-08-30,1.03,147230.76,"conventional",2015,"Columbus",3,"Ohio",151647.68
"71",2015-08-23,1.08,130920.97,"conventional",2015,"Columbus",3,"Ohio",141394.65
"72",2015-08-16,1.03,155881.73,"conventional",2015,"Columbus",3,"Ohio",160558.18
"73",2015-08-09,1,167387.9,"conventional",2015,"Columbus",3,"Ohio",167387.9
"74",2015-08-02,1.05,148597.91,"conventional",2015,"Columbus",3,"Ohio",156027.81
"75",2015-07-26,1.02,159846.2,"conventional",2015,"Columbus",3,"Ohio",163043.12
"76",2015-07-19,1.05,159137.17,"conventional",2015,"Columbus",3,"Ohio",167094.03
"77",2015-07-12,1.04,143992.91,"conventional",2015,"Columbus",3,"Ohio",149752.63
"78",2015-07-05,0.98,173370.68,"conventional",2015,"Columbus",3,"Ohio",169903.27
"79",2015-06-28,0.94,159970.54,"conventional",2015,"Columbus",3,"Ohio",150372.31
"80",2015-06-21,0.99,164161.25,"conventional",2015,"Columbus",3,"Ohio",162519.64
"81",2015-06-14,1.01,171353.59,"conventional",2015,"Columbus",3,"Ohio",173067.13
"82",2015-06-07,1.03,187983.88,"conventional",2015,"Columbus",3,"Ohio",193623.4
"83",2015-05-31,1.1,143985.96,"conventional",2015,"Columbus",2,"Ohio",158384.56
"84",2015-05-24,1.01,171879.57,"conventional",2015,"Columbus",2,"Ohio",173598.37
"85",2015-05-17,1,180511.78,"conventional",2015,"Columbus",2,"Ohio",180511.78
"86",2015-05-10,1.1,162802.65,"conventional",2015,"Columbus",2,"Ohio",179082.92
"87",2015-05-03,0.99,176737.77,"conventional",2015,"Columbus",2,"Ohio",174970.39
"88",2015-04-26,1.02,161438.17,"conventional",2015,"Columbus",2,"Ohio",164666.93
"89",2015-04-19,1,172913.44,"conventional",2015,"Columbus",2,"Ohio",172913.44
"90",2015-04-12,1.07,129397.39,"conventional",2015,"Columbus",2,"Ohio",138455.21
"91",2015-04-05,1.09,126109.82,"conventional",2015,"Columbus",2,"Ohio",137459.7
"92",2015-03-29,0.96,139065.31,"conventional",2015,"Columbus",2,"Ohio",133502.7
"93",2015-03-22,0.94,182625.49,"conventional",2015,"Columbus",2,"Ohio",171667.96
"94",2015-03-15,1.01,149884.1,"conventional",2015,"Columbus",2,"Ohio",151382.94
"95",2015-03-08,0.95,141281.56,"conventional",2015,"Columbus",2,"Ohio",134217.48
"96",2015-03-01,1.03,136795.35,"conventional",2015,"Columbus",2,"Ohio",140899.21
"97",2015-02-22,1.09,114280.87,"conventional",2015,"Columbus",1,"Ohio",124566.15
"98",2015-02-15,1.05,106663.68,"conventional",2015,"Columbus",1,"Ohio",111996.86
"99",2015-02-08,0.96,128078.27,"conventional",2015,"Columbus",1,"Ohio",122955.14
"100",2015-02-01,0.87,216653.06,"conventional",2015,"Columbus",1,"Ohio",188488.16
"101",2015-01-25,1.08,116995.68,"conventional",2015,"Columbus",1,"Ohio",126355.33
"102",2015-01-18,1.02,116450.21,"conventional",2015,"Columbus",1,"Ohio",118779.21
"103",2015-01-11,0.97,125742.48,"conventional",2015,"Columbus",1,"Ohio",121970.21
"104",2015-01-04,0.89,158638.04,"conventional",2015,"Columbus",1,"Ohio",141187.86
"105",2015-12-27,0.97,376187.98,"conventional",2015,"Tampa",1,"Florida",364902.34
"106",2015-12-20,1.15,238950.84,"conventional",2015,"Tampa",1,"Florida",274793.47
"107",2015-12-13,0.96,365643.92,"conventional",2015,"Tampa",1,"Florida",351018.16
"108",2015-12-06,1.17,227131.21,"conventional",2015,"Tampa",1,"Florida",265743.52
"109",2015-11-29,0.96,330060.95,"conventional",2015,"Tampa",4,"Florida",316858.51
"110",2015-11-22,0.97,311784.91,"conventional",2015,"Tampa",4,"Florida",302431.36
"111",2015-11-15,1.22,236178.67,"conventional",2015,"Tampa",4,"Florida",288137.98
"112",2015-11-08,1.21,228585.31,"conventional",2015,"Tampa",4,"Florida",276588.23
"113",2015-11-01,0.97,391514.43,"conventional",2015,"Tampa",4,"Florida",379769
"114",2015-10-25,1.12,234023.9,"conventional",2015,"Tampa",4,"Florida",262106.77
"115",2015-10-18,1.11,256610,"conventional",2015,"Tampa",4,"Florida",284837.1
"116",2015-10-11,0.88,402228.35,"conventional",2015,"Tampa",4,"Florida",353960.95
"117",2015-10-04,0.89,413839.96,"conventional",2015,"Tampa",4,"Florida",368317.56
"118",2015-09-27,1.13,252128.43,"conventional",2015,"Tampa",4,"Florida",284905.13
"119",2015-09-20,0.88,432962.29,"conventional",2015,"Tampa",4,"Florida",381006.82
"120",2015-09-13,1.1,257374.81,"conventional",2015,"Tampa",4,"Florida",283112.29
"121",2015-09-06,0.91,436528.94,"conventional",2015,"Tampa",4,"Florida",397241.34
"122",2015-08-30,1.2,262575.33,"conventional",2015,"Tampa",3,"Florida",315090.4
"123",2015-08-23,1.17,264170.2,"conventional",2015,"Tampa",3,"Florida",309079.13
"124",2015-08-16,1.17,283647.52,"conventional",2015,"Tampa",3,"Florida",331867.6
"125",2015-08-09,0.97,427229.44,"conventional",2015,"Tampa",3,"Florida",414412.56
"126",2015-08-02,1.18,274423.66,"conventional",2015,"Tampa",3,"Florida",323819.92
"127",2015-07-26,1.16,265367.52,"conventional",2015,"Tampa",3,"Florida",307826.32
"128",2015-07-19,0.97,421574.42,"conventional",2015,"Tampa",3,"Florida",408927.19
"129",2015-07-12,1.17,289138.36,"conventional",2015,"Tampa",3,"Florida",338291.88
"130",2015-07-05,0.95,482088.56,"conventional",2015,"Tampa",3,"Florida",457984.13
"131",2015-06-28,1.11,325434.49,"conventional",2015,"Tampa",3,"Florida",361232.28
"132",2015-06-21,0.95,438581.5,"conventional",2015,"Tampa",3,"Florida",416652.42
"133",2015-06-14,1.17,294964.3,"conventional",2015,"Tampa",3,"Florida",345108.23
"134",2015-06-07,0.97,433152.31,"conventional",2015,"Tampa",3,"Florida",420157.74
"135",2015-05-31,1.22,273609.96,"conventional",2015,"Tampa",2,"Florida",333804.15
"136",2015-05-24,0.99,460041.38,"conventional",2015,"Tampa",2,"Florida",455440.97
"137",2015-05-17,1.18,275260.08,"conventional",2015,"Tampa",2,"Florida",324806.89
"138",2015-05-10,1.21,287068.69,"conventional",2015,"Tampa",2,"Florida",347353.11
"139",2015-05-03,0.97,558113.22,"conventional",2015,"Tampa",2,"Florida",541369.82
"140",2015-04-26,1.19,304135.67,"conventional",2015,"Tampa",2,"Florida",361921.45
"141",2015-04-19,1.16,280464.73,"conventional",2015,"Tampa",2,"Florida",325339.09
"142",2015-04-12,0.99,425033.14,"conventional",2015,"Tampa",2,"Florida",420782.81
"143",2015-04-05,1.09,354134.22,"conventional",2015,"Tampa",2,"Florida",386006.3
"144",2015-03-29,1.2,254520.54,"conventional",2015,"Tampa",2,"Florida",305424.65
"145",2015-03-22,0.97,440106.92,"conventional",2015,"Tampa",2,"Florida",426903.71
"146",2015-03-15,1.25,257172.84,"conventional",2015,"Tampa",2,"Florida",321466.05
"147",2015-03-08,1.22,259317.73,"conventional",2015,"Tampa",2,"Florida",316367.63
"148",2015-03-01,1,373461.94,"conventional",2015,"Tampa",2,"Florida",373461.94
"149",2015-02-22,1.12,268415.49,"conventional",2015,"Tampa",1,"Florida",300625.35
"150",2015-02-15,1.21,242478.65,"conventional",2015,"Tampa",1,"Florida",293399.17
"151",2015-02-08,1.19,236434.37,"conventional",2015,"Tampa",1,"Florida",281356.9
"152",2015-02-01,0.92,562242.53,"conventional",2015,"Tampa",1,"Florida",517263.13
"153",2015-01-25,1.21,260471.23,"conventional",2015,"Tampa",1,"Florida",315170.19
"154",2015-01-18,1.27,228920.62,"conventional",2015,"Tampa",1,"Florida",290729.19
"155",2015-01-11,1.24,235231.08,"conventional",2015,"Tampa",1,"Florida",291686.54
"156",2015-01-04,0.97,339909.13,"conventional",2015,"Tampa",1,"Florida",329711.86
"157",2016-12-25,1.22,616653.72,"conventional",2016,"Chicago",1,"Illinois",752317.54
"158",2016-12-18,1.18,631117.18,"conventional",2016,"Chicago",1,"Illinois",744718.27
"159",2016-12-11,1.09,734954.21,"conventional",2016,"Chicago",1,"Illinois",801100.09
"160",2016-12-04,1.27,624751.15,"conventional",2016,"Chicago",1,"Illinois",793433.96
"161",2016-11-27,1.1,581638.75,"conventional",2016,"Chicago",4,"Illinois",639802.62
"162",2016-11-20,1.13,694873.06,"conventional",2016,"Chicago",4,"Illinois",785206.56
"163",2016-11-13,1.82,436710.91,"conventional",2016,"Chicago",4,"Illinois",794813.86
"164",2016-11-06,2.07,376476.71,"conventional",2016,"Chicago",4,"Illinois",779306.79
"165",2016-10-30,2.07,375213.57,"conventional",2016,"Chicago",4,"Illinois",776692.09
"166",2016-10-23,1.84,431274.2,"conventional",2016,"Chicago",4,"Illinois",793544.53
"167",2016-10-16,1.8,523682.5,"conventional",2016,"Chicago",4,"Illinois",942628.5
"168",2016-10-09,1.82,515146.04,"conventional",2016,"Chicago",4,"Illinois",937565.79
"169",2016-10-02,1.83,509215.79,"conventional",2016,"Chicago",4,"Illinois",931864.9
"170",2016-09-25,1.8,553863.82,"conventional",2016,"Chicago",4,"Illinois",996954.88
"171",2016-09-18,1.7,600389.56,"conventional",2016,"Chicago",4,"Illinois",1020662.25
"172",2016-09-11,1.67,635036.01,"conventional",2016,"Chicago",4,"Illinois",1060510.14
"173",2016-09-04,1.6,670453.42,"conventional",2016,"Chicago",4,"Illinois",1072725.47
"174",2016-08-28,1.6,621715.78,"conventional",2016,"Chicago",3,"Illinois",994745.25
"175",2016-08-21,1.63,628099.41,"conventional",2016,"Chicago",3,"Illinois",1023802.04
"176",2016-08-14,1.67,626086.69,"conventional",2016,"Chicago",3,"Illinois",1045564.77
"177",2016-08-07,1.68,644670.46,"conventional",2016,"Chicago",3,"Illinois",1083046.37
"178",2016-07-31,1.68,614939.39,"conventional",2016,"Chicago",3,"Illinois",1033098.18
"179",2016-07-24,1.66,658913.69,"conventional",2016,"Chicago",3,"Illinois",1093796.73
"180",2016-07-17,1.51,717279.19,"conventional",2016,"Chicago",3,"Illinois",1083091.58
"181",2016-07-10,1.53,712080.66,"conventional",2016,"Chicago",3,"Illinois",1089483.41
"182",2016-07-03,1.23,974278.32,"conventional",2016,"Chicago",3,"Illinois",1198362.33
"183",2016-06-26,1.18,860170.92,"conventional",2016,"Chicago",3,"Illinois",1015001.69
"184",2016-06-19,1.2,882074.39,"conventional",2016,"Chicago",3,"Illinois",1058489.27
"185",2016-06-12,1.3,770843.17,"conventional",2016,"Chicago",3,"Illinois",1002096.12
"186",2016-06-05,1.2,885602.82,"conventional",2016,"Chicago",3,"Illinois",1062723.38
"187",2016-05-29,1.15,958566.68,"conventional",2016,"Chicago",2,"Illinois",1102351.68
"188",2016-05-22,1.11,903864.9,"conventional",2016,"Chicago",2,"Illinois",1003290.04
"189",2016-05-15,1.04,930403.37,"conventional",2016,"Chicago",2,"Illinois",967619.5
"190",2016-05-08,0.97,974740.13,"conventional",2016,"Chicago",2,"Illinois",945497.93
"191",2016-05-01,1,890281.5,"conventional",2016,"Chicago",2,"Illinois",890281.5
"192",2016-04-24,1.08,879308.05,"conventional",2016,"Chicago",2,"Illinois",949652.69
"193",2016-04-17,1.08,913421.8,"conventional",2016,"Chicago",2,"Illinois",986495.54
"194",2016-04-10,1.11,770661.72,"conventional",2016,"Chicago",2,"Illinois",855434.51
"195",2016-04-03,1.15,712210.03,"conventional",2016,"Chicago",2,"Illinois",819041.53
"196",2016-03-27,0.9,865585.06,"conventional",2016,"Chicago",2,"Illinois",779026.55
"197",2016-03-20,1.11,770557.34,"conventional",2016,"Chicago",2,"Illinois",855318.65
"198",2016-03-13,1,823796.56,"conventional",2016,"Chicago",2,"Illinois",823796.56
"199",2016-03-06,1.13,809325.93,"conventional",2016,"Chicago",2,"Illinois",914538.3
"200",2016-02-28,1.15,780951.86,"conventional",2016,"Chicago",1,"Illinois",898094.64
"201",2016-02-21,1.09,752336.04,"conventional",2016,"Chicago",1,"Illinois",820046.28
"202",2016-02-14,1,803120.71,"conventional",2016,"Chicago",1,"Illinois",803120.71
"203",2016-02-07,0.82,1134049.22,"conventional",2016,"Chicago",1,"Illinois",929920.36
"204",2016-01-31,1.12,774091.49,"conventional",2016,"Chicago",1,"Illinois",866982.47
"205",2016-01-24,1.01,794029.7,"conventional",2016,"Chicago",1,"Illinois",801970
"206",2016-01-17,1.11,778412.5,"conventional",2016,"Chicago",1,"Illinois",864037.88
"207",2016-01-10,1.08,844277.25,"conventional",2016,"Chicago",1,"Illinois",911819.43
"208",2016-01-03,0.93,1009667.15,"conventional",2016,"Chicago",1,"Illinois",938990.45
"209",2016-12-25,1.07,136733.12,"conventional",2016,"Columbus",1,"Ohio",146304.44
"210",2016-12-18,1.06,131322.27,"conventional",2016,"Columbus",1,"Ohio",139201.61
"211",2016-12-11,0.98,144354.95,"conventional",2016,"Columbus",1,"Ohio",141467.85
"212",2016-12-04,0.84,237639.3,"conventional",2016,"Columbus",1,"Ohio",199617.01
"213",2016-11-27,1.1,134305.97,"conventional",2016,"Columbus",4,"Ohio",147736.57
"214",2016-11-20,1.33,117299.16,"conventional",2016,"Columbus",4,"Ohio",156007.88
"215",2016-11-13,1.38,116814.65,"conventional",2016,"Columbus",4,"Ohio",161204.22
"216",2016-11-06,1.41,114207.94,"conventional",2016,"Columbus",4,"Ohio",161033.2
"217",2016-10-30,1.1,138565.73,"conventional",2016,"Columbus",4,"Ohio",152422.3
"218",2016-10-23,1.11,156831.11,"conventional",2016,"Columbus",4,"Ohio",174082.53
"219",2016-10-16,1.31,123388.77,"conventional",2016,"Columbus",4,"Ohio",161639.29
"220",2016-10-09,1.33,120833.05,"conventional",2016,"Columbus",4,"Ohio",160707.96
"221",2016-10-02,1.3,123300.36,"conventional",2016,"Columbus",4,"Ohio",160290.47
"222",2016-09-25,1.14,151978.88,"conventional",2016,"Columbus",4,"Ohio",173255.92
"223",2016-09-18,1.07,167438.32,"conventional",2016,"Columbus",4,"Ohio",179159
"224",2016-09-11,1.06,177299.48,"conventional",2016,"Columbus",4,"Ohio",187937.45
"225",2016-09-04,1.06,161362.24,"conventional",2016,"Columbus",4,"Ohio",171043.97
"226",2016-08-28,1.07,168757.98,"conventional",2016,"Columbus",3,"Ohio",180571.04
"227",2016-08-21,1.2,154116.71,"conventional",2016,"Columbus",3,"Ohio",184940.05
"228",2016-08-14,1.17,166462.83,"conventional",2016,"Columbus",3,"Ohio",194761.51
"229",2016-08-07,1.18,164281.56,"conventional",2016,"Columbus",3,"Ohio",193852.24
"230",2016-07-31,1.21,153804.34,"conventional",2016,"Columbus",3,"Ohio",186103.25
"231",2016-07-24,1.15,173335.16,"conventional",2016,"Columbus",3,"Ohio",199335.43
"232",2016-07-17,1.18,160413.49,"conventional",2016,"Columbus",3,"Ohio",189287.92
"233",2016-07-10,1.06,170762.71,"conventional",2016,"Columbus",3,"Ohio",181008.47
"234",2016-07-03,0.94,234975.32,"conventional",2016,"Columbus",3,"Ohio",220876.8
"235",2016-06-26,1.04,201923.72,"conventional",2016,"Columbus",3,"Ohio",210000.67
"236",2016-06-19,1.13,172220.11,"conventional",2016,"Columbus",3,"Ohio",194608.72
"237",2016-06-12,1.13,163638.65,"conventional",2016,"Columbus",3,"Ohio",184911.67
"238",2016-06-05,1.07,175046.12,"conventional",2016,"Columbus",3,"Ohio",187299.35
"239",2016-05-29,0.93,201747.62,"conventional",2016,"Columbus",2,"Ohio",187625.29
"240",2016-05-22,0.83,210263.7,"conventional",2016,"Columbus",2,"Ohio",174518.87
"241",2016-05-15,0.84,202002,"conventional",2016,"Columbus",2,"Ohio",169681.68
"242",2016-05-08,0.9,201205.97,"conventional",2016,"Columbus",2,"Ohio",181085.37
"243",2016-05-01,0.71,224515.48,"conventional",2016,"Columbus",2,"Ohio",159405.99
"244",2016-04-24,0.72,242277.45,"conventional",2016,"Columbus",2,"Ohio",174439.76
"245",2016-04-17,0.97,172183.83,"conventional",2016,"Columbus",2,"Ohio",167018.32
"246",2016-04-10,0.96,135905.09,"conventional",2016,"Columbus",2,"Ohio",130468.89
"247",2016-04-03,0.95,147520.15,"conventional",2016,"Columbus",2,"Ohio",140144.14
"248",2016-03-27,1.01,153523.03,"conventional",2016,"Columbus",2,"Ohio",155058.26
"249",2016-03-20,1.04,152572.16,"conventional",2016,"Columbus",2,"Ohio",158675.05
"250",2016-03-13,1.05,140244.15,"conventional",2016,"Columbus",2,"Ohio",147256.36
"251",2016-03-06,0.95,173825.82,"conventional",2016,"Columbus",2,"Ohio",165134.53
"252",2016-02-28,1.03,154967.56,"conventional",2016,"Columbus",1,"Ohio",159616.59
"253",2016-02-21,1.05,126067.56,"conventional",2016,"Columbus",1,"Ohio",132370.94
"254",2016-02-14,0.91,173980.1,"conventional",2016,"Columbus",1,"Ohio",158321.89
"255",2016-02-07,0.81,233905.62,"conventional",2016,"Columbus",1,"Ohio",189463.55
"256",2016-01-31,0.92,173311.53,"conventional",2016,"Columbus",1,"Ohio",159446.61
"257",2016-01-24,0.89,213215.4,"conventional",2016,"Columbus",1,"Ohio",189761.71
"258",2016-01-17,1.03,134604.75,"conventional",2016,"Columbus",1,"Ohio",138642.89
"259",2016-01-10,0.97,163977.03,"conventional",2016,"Columbus",1,"Ohio",159057.72
"260",2016-01-03,0.91,192774.07,"conventional",2016,"Columbus",1,"Ohio",175424.4
"261",2016-12-25,0.93,445441.47,"conventional",2016,"Tampa",1,"Florida",414260.57
"262",2016-12-18,0.93,412891.05,"conventional",2016,"Tampa",1,"Florida",383988.68
"263",2016-12-11,1.22,289765.21,"conventional",2016,"Tampa",1,"Florida",353513.56
"264",2016-12-04,0.96,500795.57,"conventional",2016,"Tampa",1,"Florida",480763.75
"265",2016-11-27,1.45,265590.66,"conventional",2016,"Tampa",4,"Florida",385106.46
"266",2016-11-20,1.47,279595.13,"conventional",2016,"Tampa",4,"Florida",411004.84
"267",2016-11-13,1.38,323761.18,"conventional",2016,"Tampa",4,"Florida",446790.43
"268",2016-11-06,1.46,284328.38,"conventional",2016,"Tampa",4,"Florida",415119.43
"269",2016-10-30,1.52,265332.11,"conventional",2016,"Tampa",4,"Florida",403304.81
"270",2016-10-23,1.53,281815.95,"conventional",2016,"Tampa",4,"Florida",431178.4
"271",2016-10-16,1.26,371149.3,"conventional",2016,"Tampa",4,"Florida",467648.12
"272",2016-10-09,1.45,337370.09,"conventional",2016,"Tampa",4,"Florida",489186.63
"273",2016-10-02,1.45,323324.31,"conventional",2016,"Tampa",4,"Florida",468820.25
"274",2016-09-25,1.37,349975.92,"conventional",2016,"Tampa",4,"Florida",479467.01
"275",2016-09-18,1.14,344938.28,"conventional",2016,"Tampa",4,"Florida",393229.64
"276",2016-09-11,1.16,338518.81,"conventional",2016,"Tampa",4,"Florida",392681.82
"277",2016-09-04,0.95,560691.13,"conventional",2016,"Tampa",4,"Florida",532656.57
"278",2016-08-28,1.14,378817.72,"conventional",2016,"Tampa",3,"Florida",431852.2
"279",2016-08-21,1.14,390053.1,"conventional",2016,"Tampa",3,"Florida",444660.53
"280",2016-08-14,1.14,452075.68,"conventional",2016,"Tampa",3,"Florida",515366.28
"281",2016-08-07,1.21,362836.43,"conventional",2016,"Tampa",3,"Florida",439032.08
"282",2016-07-31,1.25,330277.63,"conventional",2016,"Tampa",3,"Florida",412847.04
"283",2016-07-24,1.22,353863.19,"conventional",2016,"Tampa",3,"Florida",431713.09
"284",2016-07-17,1.17,376274.95,"conventional",2016,"Tampa",3,"Florida",440241.69
"285",2016-07-10,1.15,359346.63,"conventional",2016,"Tampa",3,"Florida",413248.62
"286",2016-07-03,0.93,613097.67,"conventional",2016,"Tampa",3,"Florida",570180.83
"287",2016-06-26,1.16,361181.98,"conventional",2016,"Tampa",3,"Florida",418971.1
"288",2016-06-19,0.98,497270.56,"conventional",2016,"Tampa",3,"Florida",487325.15
"289",2016-06-12,1.23,311068.54,"conventional",2016,"Tampa",3,"Florida",382614.3
"290",2016-06-05,0.97,485002.55,"conventional",2016,"Tampa",3,"Florida",470452.47
"291",2016-05-29,0.96,532427.02,"conventional",2016,"Tampa",2,"Florida",511129.94
"292",2016-05-22,1.18,327249.29,"conventional",2016,"Tampa",2,"Florida",386154.16
"293",2016-05-15,0.86,522134.64,"conventional",2016,"Tampa",2,"Florida",449035.79
"294",2016-05-08,0.92,493628.61,"conventional",2016,"Tampa",2,"Florida",454138.32
"295",2016-05-01,0.75,741724.85,"conventional",2016,"Tampa",2,"Florida",556293.64
"296",2016-04-24,0.86,566117.77,"conventional",2016,"Tampa",2,"Florida",486861.28
"297",2016-04-17,1.06,387923.77,"conventional",2016,"Tampa",2,"Florida",411199.2
"298",2016-04-10,0.85,549365.61,"conventional",2016,"Tampa",2,"Florida",466960.77
"299",2016-04-03,1.04,402546.34,"conventional",2016,"Tampa",2,"Florida",418648.19
"300",2016-03-27,1.08,342762.43,"conventional",2016,"Tampa",2,"Florida",370183.42
"301",2016-03-20,1.1,326332.48,"conventional",2016,"Tampa",2,"Florida",358965.73
"302",2016-03-13,0.86,527217.55,"conventional",2016,"Tampa",2,"Florida",453407.09
"303",2016-03-06,1.08,331997.49,"conventional",2016,"Tampa",2,"Florida",358557.29
"304",2016-02-28,0.82,569349.05,"conventional",2016,"Tampa",1,"Florida",466866.22
"305",2016-02-21,1.05,321995.93,"conventional",2016,"Tampa",1,"Florida",338095.73
"306",2016-02-14,1,329879.07,"conventional",2016,"Tampa",1,"Florida",329879.07
"307",2016-02-07,0.56,822548.66,"conventional",2016,"Tampa",1,"Florida",460627.25
"308",2016-01-31,0.98,391266.84,"conventional",2016,"Tampa",1,"Florida",383441.5
"309",2016-01-24,0.81,503528.16,"conventional",2016,"Tampa",1,"Florida",407857.81
"310",2016-01-17,1.05,304269.38,"conventional",2016,"Tampa",1,"Florida",319482.85
"311",2016-01-10,0.85,519360.29,"conventional",2016,"Tampa",1,"Florida",441456.25
"312",2016-01-03,1.07,375548.86,"conventional",2016,"Tampa",1,"Florida",401837.28
"313",2017-12-31,0.93,1182647.5,"conventional",2017,"Chicago",1,"Illinois",1099862.18
"314",2017-12-24,1.36,707646.11,"conventional",2017,"Chicago",1,"Illinois",962398.71
"315",2017-12-17,1.49,620053.78,"conventional",2017,"Chicago",1,"Illinois",923880.13
"316",2017-12-10,1.13,1021445.27,"conventional",2017,"Chicago",1,"Illinois",1154233.16
"317",2017-12-03,1.56,654739,"conventional",2017,"Chicago",1,"Illinois",1021392.84
"318",2017-11-26,1.7,506394,"conventional",2017,"Chicago",4,"Illinois",860869.8
"319",2017-11-19,1.71,555872,"conventional",2017,"Chicago",4,"Illinois",950541.12
"320",2017-11-12,1.78,541010,"conventional",2017,"Chicago",4,"Illinois",962997.8
"321",2017-11-05,1.77,538967.37,"conventional",2017,"Chicago",4,"Illinois",953972.24
"322",2017-10-29,1.94,551605.92,"conventional",2017,"Chicago",4,"Illinois",1070115.48
"323",2017-10-22,2.06,519814.03,"conventional",2017,"Chicago",4,"Illinois",1070816.9
"324",2017-10-15,2.11,546055.57,"conventional",2017,"Chicago",4,"Illinois",1152177.25
"325",2017-10-08,2.22,516320.59,"conventional",2017,"Chicago",4,"Illinois",1146231.71
"326",2017-10-01,2.14,537708.81,"conventional",2017,"Chicago",4,"Illinois",1150696.85
"327",2017-09-24,2.07,551895.8,"conventional",2017,"Chicago",4,"Illinois",1142424.31
"328",2017-09-17,2.15,553215.27,"conventional",2017,"Chicago",4,"Illinois",1189412.83
"329",2017-09-10,2.02,590590.1,"conventional",2017,"Chicago",4,"Illinois",1192992
"330",2017-09-03,2,614460.2,"conventional",2017,"Chicago",4,"Illinois",1228920.4
"331",2017-08-27,1.93,624618.47,"conventional",2017,"Chicago",3,"Illinois",1205513.65
"332",2017-08-20,1.88,674811.14,"conventional",2017,"Chicago",3,"Illinois",1268644.94
"333",2017-08-13,1.89,640354.46,"conventional",2017,"Chicago",3,"Illinois",1210269.93
"334",2017-08-06,1.72,692140.55,"conventional",2017,"Chicago",3,"Illinois",1190481.75
"335",2017-07-30,1.62,735265.55,"conventional",2017,"Chicago",3,"Illinois",1191130.19
"336",2017-07-23,1.59,752799.06,"conventional",2017,"Chicago",3,"Illinois",1196950.51
"337",2017-07-16,1.54,801887.84,"conventional",2017,"Chicago",3,"Illinois",1234907.27
"338",2017-07-09,1.54,880107.48,"conventional",2017,"Chicago",3,"Illinois",1355365.52
"339",2017-07-02,1.45,943746.5,"conventional",2017,"Chicago",3,"Illinois",1368432.42
"340",2017-06-25,1.44,868770.67,"conventional",2017,"Chicago",3,"Illinois",1251029.76
"341",2017-06-18,1.53,862382.95,"conventional",2017,"Chicago",3,"Illinois",1319445.91
"342",2017-06-11,1.6,807370.03,"conventional",2017,"Chicago",3,"Illinois",1291792.05
"343",2017-06-04,1.64,776194.77,"conventional",2017,"Chicago",3,"Illinois",1272959.42
"344",2017-05-28,1.63,781085.77,"conventional",2017,"Chicago",2,"Illinois",1273169.81
"345",2017-05-21,1.64,764241.14,"conventional",2017,"Chicago",2,"Illinois",1253355.47
"346",2017-05-14,1.6,792532.64,"conventional",2017,"Chicago",2,"Illinois",1268052.22
"347",2017-05-07,1.51,976084.98,"conventional",2017,"Chicago",2,"Illinois",1473888.32
"348",2017-04-30,1.62,787324.19,"conventional",2017,"Chicago",2,"Illinois",1275465.19
"349",2017-04-23,1.63,719367.5,"conventional",2017,"Chicago",2,"Illinois",1172569.02
"350",2017-04-16,1.65,742675.28,"conventional",2017,"Chicago",2,"Illinois",1225414.21
"351",2017-04-09,1.65,699592.47,"conventional",2017,"Chicago",2,"Illinois",1154327.58
"352",2017-04-02,1.65,676300.83,"conventional",2017,"Chicago",2,"Illinois",1115896.37
"353",2017-03-26,1.64,656875.03,"conventional",2017,"Chicago",2,"Illinois",1077275.05
"354",2017-03-19,1.64,678898.01,"conventional",2017,"Chicago",2,"Illinois",1113392.74
"355",2017-03-12,1.66,665364.72,"conventional",2017,"Chicago",2,"Illinois",1104505.44
"356",2017-03-05,1.62,680803.2,"conventional",2017,"Chicago",2,"Illinois",1102901.18
"357",2017-02-26,1.61,674827.05,"conventional",2017,"Chicago",1,"Illinois",1086471.55
"358",2017-02-19,1.27,728402.35,"conventional",2017,"Chicago",1,"Illinois",925070.98
"359",2017-02-12,1.05,874349.55,"conventional",2017,"Chicago",1,"Illinois",918067.03
"360",2017-02-05,0.7,1621253.97,"conventional",2017,"Chicago",1,"Illinois",1134877.78
"361",2017-01-29,1.1,830499.38,"conventional",2017,"Chicago",1,"Illinois",913549.32
"362",2017-01-22,1.21,845065.66,"conventional",2017,"Chicago",1,"Illinois",1022529.45
"363",2017-01-15,1.23,776820.81,"conventional",2017,"Chicago",1,"Illinois",955489.6
"364",2017-01-08,1.16,822522.24,"conventional",2017,"Chicago",1,"Illinois",954125.8
"365",2017-01-01,1.15,803348.87,"conventional",2017,"Chicago",1,"Illinois",923851.2
"366",2017-12-31,0.8,221203.78,"conventional",2017,"Columbus",1,"Ohio",176963.02
"367",2017-12-24,1.06,140322.03,"conventional",2017,"Columbus",1,"Ohio",148741.35
"368",2017-12-17,1.03,162900.37,"conventional",2017,"Columbus",1,"Ohio",167787.38
"369",2017-12-10,1.1,149626.6,"conventional",2017,"Columbus",1,"Ohio",164589.26
"370",2017-12-03,0.99,194796,"conventional",2017,"Columbus",1,"Ohio",192848.04
"371",2017-11-26,1.04,126378,"conventional",2017,"Columbus",4,"Ohio",131433.12
"372",2017-11-19,0.97,169553,"conventional",2017,"Columbus",4,"Ohio",164466.41
"373",2017-11-12,0.97,196433,"conventional",2017,"Columbus",4,"Ohio",190540.01
"374",2017-11-05,0.96,222749.35,"conventional",2017,"Columbus",4,"Ohio",213839.38
"375",2017-10-29,1.22,165260.84,"conventional",2017,"Columbus",4,"Ohio",201618.22
"376",2017-10-22,1.55,111491.11,"conventional",2017,"Columbus",4,"Ohio",172811.22
"377",2017-10-15,1.71,109664.86,"conventional",2017,"Columbus",4,"Ohio",187526.91
"378",2017-10-08,1.83,103123.48,"conventional",2017,"Columbus",4,"Ohio",188715.97
"379",2017-10-01,1.72,118344.44,"conventional",2017,"Columbus",4,"Ohio",203552.44
"380",2017-09-24,1.69,120872.81,"conventional",2017,"Columbus",4,"Ohio",204275.05
"381",2017-09-17,1.7,120600.86,"conventional",2017,"Columbus",4,"Ohio",205021.46
"382",2017-09-10,1.68,135633.34,"conventional",2017,"Columbus",4,"Ohio",227864.01
"383",2017-09-03,1.62,127613.24,"conventional",2017,"Columbus",4,"Ohio",206733.45
"384",2017-08-27,1.26,176231.47,"conventional",2017,"Columbus",3,"Ohio",222051.65
"385",2017-08-20,1.23,211279.9,"conventional",2017,"Columbus",3,"Ohio",259874.28
"386",2017-08-13,1.52,151390.04,"conventional",2017,"Columbus",3,"Ohio",230112.86
"387",2017-08-06,1.21,194759.03,"conventional",2017,"Columbus",3,"Ohio",235658.43
"388",2017-07-30,1.22,170792.43,"conventional",2017,"Columbus",3,"Ohio",208366.76
"389",2017-07-23,1.39,137783.13,"conventional",2017,"Columbus",3,"Ohio",191518.55
"390",2017-07-16,1.36,150749.34,"conventional",2017,"Columbus",3,"Ohio",205019.1
"391",2017-07-09,0.95,240071.43,"conventional",2017,"Columbus",3,"Ohio",228067.86
"392",2017-07-02,0.85,276442.3,"conventional",2017,"Columbus",3,"Ohio",234975.96
"393",2017-06-25,0.86,243935.99,"conventional",2017,"Columbus",3,"Ohio",209784.95
"394",2017-06-18,0.81,304247.54,"conventional",2017,"Columbus",3,"Ohio",246440.51
"395",2017-06-11,0.98,181254.11,"conventional",2017,"Columbus",3,"Ohio",177629.03
"396",2017-06-04,1.1,196391.15,"conventional",2017,"Columbus",3,"Ohio",216030.26
"397",2017-05-28,1.24,182566.46,"conventional",2017,"Columbus",2,"Ohio",226382.41
"398",2017-05-21,1.16,180283.53,"conventional",2017,"Columbus",2,"Ohio",209128.89
"399",2017-05-14,0.99,210349,"conventional",2017,"Columbus",2,"Ohio",208245.51
"400",2017-05-07,0.93,276421.87,"conventional",2017,"Columbus",2,"Ohio",257072.34
"401",2017-04-30,1.18,199643.4,"conventional",2017,"Columbus",2,"Ohio",235579.21
"402",2017-04-23,1.26,166919.21,"conventional",2017,"Columbus",2,"Ohio",210318.2
"403",2017-04-16,0.99,242720.67,"conventional",2017,"Columbus",2,"Ohio",240293.46
"404",2017-04-09,1.07,225843.95,"conventional",2017,"Columbus",2,"Ohio",241653.03
"405",2017-04-02,1.23,174975.95,"conventional",2017,"Columbus",2,"Ohio",215220.42
"406",2017-03-26,1.26,153513.23,"conventional",2017,"Columbus",2,"Ohio",193426.67
"407",2017-03-19,1.3,136371.39,"conventional",2017,"Columbus",2,"Ohio",177282.81
"408",2017-03-12,1.29,140126.45,"conventional",2017,"Columbus",2,"Ohio",180763.12
"409",2017-03-05,1.14,166169.72,"conventional",2017,"Columbus",2,"Ohio",189433.48
"410",2017-02-26,1.04,186429.24,"conventional",2017,"Columbus",1,"Ohio",193886.41
"411",2017-02-19,1.07,159054.67,"conventional",2017,"Columbus",1,"Ohio",170188.5
"412",2017-02-12,0.78,226525.29,"conventional",2017,"Columbus",1,"Ohio",176689.73
"413",2017-02-05,0.69,323030.81,"conventional",2017,"Columbus",1,"Ohio",222891.26
"414",2017-01-29,1.06,163084.68,"conventional",2017,"Columbus",1,"Ohio",172869.76
"415",2017-01-22,0.91,197072.56,"conventional",2017,"Columbus",1,"Ohio",179336.03
"416",2017-01-15,0.97,200226.42,"conventional",2017,"Columbus",1,"Ohio",194219.63
"417",2017-01-08,0.86,226219.71,"conventional",2017,"Columbus",1,"Ohio",194548.95
"418",2017-01-01,0.83,218881.63,"conventional",2017,"Columbus",1,"Ohio",181671.75
"419",2017-12-31,1.16,548933.38,"conventional",2017,"Tampa",1,"Florida",636762.72
"420",2017-12-24,1.4,335782.87,"conventional",2017,"Tampa",1,"Florida",470096.02
"421",2017-12-17,1,449048.75,"conventional",2017,"Tampa",1,"Florida",449048.75
"422",2017-12-10,1.02,474890.22,"conventional",2017,"Tampa",1,"Florida",484388.02
"423",2017-12-03,1.27,381605,"conventional",2017,"Tampa",1,"Florida",484638.35
"424",2017-11-26,1.4,295940,"conventional",2017,"Tampa",4,"Florida",414316
"425",2017-11-19,1.21,406797,"conventional",2017,"Tampa",4,"Florida",492224.37
"426",2017-11-12,1.35,383991,"conventional",2017,"Tampa",4,"Florida",518387.85
"427",2017-11-05,1.48,323634.05,"conventional",2017,"Tampa",4,"Florida",478978.39
"428",2017-10-29,1.19,479880.25,"conventional",2017,"Tampa",4,"Florida",571057.5
"429",2017-10-22,1.54,366454.43,"conventional",2017,"Tampa",4,"Florida",564339.82
"430",2017-10-15,1.71,328041.36,"conventional",2017,"Tampa",4,"Florida",560950.73
"431",2017-10-08,1.76,362523.96,"conventional",2017,"Tampa",4,"Florida",638042.17
"432",2017-10-01,1.96,298663.48,"conventional",2017,"Tampa",4,"Florida",585380.42
"433",2017-09-24,1.86,293617.05,"conventional",2017,"Tampa",4,"Florida",546127.71
"434",2017-09-17,1.76,304681.73,"conventional",2017,"Tampa",4,"Florida",536239.84
"435",2017-09-10,1.76,246731.78,"conventional",2017,"Tampa",4,"Florida",434247.93
"436",2017-09-03,1.89,294705.99,"conventional",2017,"Tampa",4,"Florida",556994.32
"437",2017-08-27,1.63,291725.75,"conventional",2017,"Tampa",3,"Florida",475512.97
"438",2017-08-20,1.64,289379.57,"conventional",2017,"Tampa",3,"Florida",474582.49
"439",2017-08-13,1.49,367628.08,"conventional",2017,"Tampa",3,"Florida",547765.84
"440",2017-08-06,1.46,312638.58,"conventional",2017,"Tampa",3,"Florida",456452.33
"441",2017-07-30,1.44,317250.55,"conventional",2017,"Tampa",3,"Florida",456840.79
"442",2017-07-23,1.42,349228.39,"conventional",2017,"Tampa",3,"Florida",495904.31
"443",2017-07-16,1.5,309815.95,"conventional",2017,"Tampa",3,"Florida",464723.93
"444",2017-07-09,1.45,323653.24,"conventional",2017,"Tampa",3,"Florida",469297.2
"445",2017-07-02,1.45,407584.72,"conventional",2017,"Tampa",3,"Florida",590997.84
"446",2017-06-25,1.39,357813.41,"conventional",2017,"Tampa",3,"Florida",497360.64
"447",2017-06-18,1.43,336746.96,"conventional",2017,"Tampa",3,"Florida",481548.15
"448",2017-06-11,1.42,410602.09,"conventional",2017,"Tampa",3,"Florida",583054.97
"449",2017-06-04,1.43,418788.68,"conventional",2017,"Tampa",3,"Florida",598867.81
"450",2017-05-28,1.41,418872.37,"conventional",2017,"Tampa",2,"Florida",590610.04
"451",2017-05-21,1.44,373821.74,"conventional",2017,"Tampa",2,"Florida",538303.31
"452",2017-05-14,1.43,342985.7,"conventional",2017,"Tampa",2,"Florida",490469.55
"453",2017-05-07,1.15,582405.72,"conventional",2017,"Tampa",2,"Florida",669766.58
"454",2017-04-30,1.25,534175.65,"conventional",2017,"Tampa",2,"Florida",667719.56
"455",2017-04-23,1.46,358385.91,"conventional",2017,"Tampa",2,"Florida",523243.43
"456",2017-04-16,1.48,335494.24,"conventional",2017,"Tampa",2,"Florida",496531.48
"457",2017-04-09,1.5,327808.93,"conventional",2017,"Tampa",2,"Florida",491713.4
"458",2017-04-02,1.63,321691.27,"conventional",2017,"Tampa",2,"Florida",524356.77
"459",2017-03-26,1.67,308197.46,"conventional",2017,"Tampa",2,"Florida",514689.76
"460",2017-03-19,1.58,312270.07,"conventional",2017,"Tampa",2,"Florida",493386.71
"461",2017-03-12,1.57,310151.12,"conventional",2017,"Tampa",2,"Florida",486937.26
"462",2017-03-05,1.59,292544.83,"conventional",2017,"Tampa",2,"Florida",465146.28
"463",2017-02-26,1.23,369337.81,"conventional",2017,"Tampa",1,"Florida",454285.51
"464",2017-02-19,1.29,297524.28,"conventional",2017,"Tampa",1,"Florida",383806.32
"465",2017-02-12,0.95,484658.75,"conventional",2017,"Tampa",1,"Florida",460425.81
"466",2017-02-05,0.79,893143.94,"conventional",2017,"Tampa",1,"Florida",705583.71
"467",2017-01-29,1.21,445251.37,"conventional",2017,"Tampa",1,"Florida",538754.16
"468",2017-01-22,1,547800.42,"conventional",2017,"Tampa",1,"Florida",547800.42
"469",2017-01-15,1.24,425887.79,"conventional",2017,"Tampa",1,"Florida",528100.86
"470",2017-01-08,1.27,351707.78,"conventional",2017,"Tampa",1,"Florida",446668.88
"471",2017-01-01,0.93,578061.29,"conventional",2017,"Tampa",1,"Florida",537597
"472",2018-03-25,1.36,908202.13,"conventional",2018,"Chicago",2,"Illinois",1235154.9
"473",2018-03-18,1.42,841171.24,"conventional",2018,"Chicago",2,"Illinois",1194463.16
"474",2018-03-11,1.54,830421.03,"conventional",2018,"Chicago",2,"Illinois",1278848.39
"475",2018-03-04,1.53,820728.47,"conventional",2018,"Chicago",2,"Illinois",1255714.56
"476",2018-02-25,1.51,794925.31,"conventional",2018,"Chicago",1,"Illinois",1200337.22
"477",2018-02-18,1.53,736317.26,"conventional",2018,"Chicago",1,"Illinois",1126565.41
"478",2018-02-11,1.39,897178.36,"conventional",2018,"Chicago",1,"Illinois",1247077.92
"479",2018-02-04,0.88,1802646.35,"conventional",2018,"Chicago",1,"Illinois",1586328.79
"480",2018-01-28,1.36,947968.47,"conventional",2018,"Chicago",1,"Illinois",1289237.12
"481",2018-01-21,1.42,951648.11,"conventional",2018,"Chicago",1,"Illinois",1351340.32
"482",2018-01-14,1.64,762997.53,"conventional",2018,"Chicago",1,"Illinois",1251315.95
"483",2018-01-07,1.5,842141.42,"conventional",2018,"Chicago",1,"Illinois",1263212.13
"484",2018-03-25,0.96,264778.18,"conventional",2018,"Columbus",2,"Ohio",254187.05
"485",2018-03-18,1.01,216897.74,"conventional",2018,"Columbus",2,"Ohio",219066.72
"486",2018-03-11,1.05,212107.87,"conventional",2018,"Columbus",2,"Ohio",222713.26
"487",2018-03-04,1.04,207531.29,"conventional",2018,"Columbus",2,"Ohio",215832.54
"488",2018-02-25,1.03,209180.18,"conventional",2018,"Columbus",1,"Ohio",215455.59
"489",2018-02-18,1.02,179193.25,"conventional",2018,"Columbus",1,"Ohio",182777.12
"490",2018-02-11,0.82,218329.7,"conventional",2018,"Columbus",1,"Ohio",179030.35
"491",2018-02-04,0.73,333398.29,"conventional",2018,"Columbus",1,"Ohio",243380.75
"492",2018-01-28,1.03,187523.2,"conventional",2018,"Columbus",1,"Ohio",193148.9
"493",2018-01-21,0.99,214353.02,"conventional",2018,"Columbus",1,"Ohio",212209.49
"494",2018-01-14,1.07,194619.31,"conventional",2018,"Columbus",1,"Ohio",208242.66
"495",2018-01-07,0.84,256757.6,"conventional",2018,"Columbus",1,"Ohio",215676.38
"496",2018-03-25,1.33,469300.74,"conventional",2018,"Tampa",2,"Florida",624169.98
"497",2018-03-18,1.13,574380.46,"conventional",2018,"Tampa",2,"Florida",649049.92
"498",2018-03-11,1.16,580771.43,"conventional",2018,"Tampa",2,"Florida",673694.86
"499",2018-03-04,1.14,597351.68,"conventional",2018,"Tampa",2,"Florida",680980.92
"500",2018-02-25,1.3,484876.62,"conventional",2018,"Tampa",1,"Florida",630339.61
"501",2018-02-18,1.33,442206.63,"conventional",2018,"Tampa",1,"Florida",588134.82
"502",2018-02-11,1,569543.02,"conventional",2018,"Tampa",1,"Florida",569543.02
"503",2018-02-04,0.98,853642.9,"conventional",2018,"Tampa",1,"Florida",836570.04
"504",2018-01-28,1.36,461179.38,"conventional",2018,"Tampa",1,"Florida",627203.96
"505",2018-01-21,1.17,577173.29,"conventional",2018,"Tampa",1,"Florida",675292.75
"506",2018-01-14,1.41,446629.55,"conventional",2018,"Tampa",1,"Florida",629747.67
"507",2018-01-07,1.2,484007.91,"conventional",2018,"Tampa",1,"Florida",580809.49
"508",2015-12-27,1.58,20995.37,"organic",2015,"Chicago",1,"Illinois",33172.68
"509",2015-12-20,1.58,22452.3,"organic",2015,"Chicago",1,"Illinois",35474.63
"510",2015-12-13,1.59,24059.71,"organic",2015,"Chicago",1,"Illinois",38254.94
"511",2015-12-06,1.59,27081.13,"organic",2015,"Chicago",1,"Illinois",43059
"512",2015-11-29,1.59,22168.32,"organic",2015,"Chicago",4,"Illinois",35247.63
"513",2015-11-22,1.57,24095.66,"organic",2015,"Chicago",4,"Illinois",37830.19
"514",2015-11-15,1.58,25759.36,"organic",2015,"Chicago",4,"Illinois",40699.79
"515",2015-11-08,1.59,26247.16,"organic",2015,"Chicago",4,"Illinois",41732.98
"516",2015-11-01,1.6,24450.48,"organic",2015,"Chicago",4,"Illinois",39120.77
"517",2015-10-25,1.61,22648.93,"organic",2015,"Chicago",4,"Illinois",36464.78
"518",2015-10-18,1.79,19818.98,"organic",2015,"Chicago",4,"Illinois",35475.97
"519",2015-10-11,1.69,19520.71,"organic",2015,"Chicago",4,"Illinois",32990
"520",2015-10-04,1.78,20398.64,"organic",2015,"Chicago",4,"Illinois",36309.58
"521",2015-09-27,1.67,24311.76,"organic",2015,"Chicago",4,"Illinois",40600.64
"522",2015-09-20,1.6,26935.23,"organic",2015,"Chicago",4,"Illinois",43096.37
"523",2015-09-13,1.61,27327.18,"organic",2015,"Chicago",4,"Illinois",43996.76
"524",2015-09-06,1.61,28269.21,"organic",2015,"Chicago",4,"Illinois",45513.43
"525",2015-08-30,1.6,30663.55,"organic",2015,"Chicago",3,"Illinois",49061.68
"526",2015-08-23,1.61,31623.52,"organic",2015,"Chicago",3,"Illinois",50913.87
"527",2015-08-16,1.62,29458.3,"organic",2015,"Chicago",3,"Illinois",47722.45
"528",2015-08-09,1.62,28253.94,"organic",2015,"Chicago",3,"Illinois",45771.38
"529",2015-08-02,1.59,27490.93,"organic",2015,"Chicago",3,"Illinois",43710.58
"530",2015-07-26,1.62,26098.32,"organic",2015,"Chicago",3,"Illinois",42279.28
"531",2015-07-19,1.65,19677.2,"organic",2015,"Chicago",3,"Illinois",32467.38
"532",2015-07-12,1.66,18945.72,"organic",2015,"Chicago",3,"Illinois",31449.9
"533",2015-07-05,1.67,19704.96,"organic",2015,"Chicago",3,"Illinois",32907.28
"534",2015-06-28,1.68,18877.36,"organic",2015,"Chicago",3,"Illinois",31713.96
"535",2015-06-21,1.82,16136.49,"organic",2015,"Chicago",3,"Illinois",29368.41
"536",2015-06-14,1.87,18374.82,"organic",2015,"Chicago",3,"Illinois",34360.91
"537",2015-06-07,1.85,19636.24,"organic",2015,"Chicago",3,"Illinois",36327.04
"538",2015-05-31,1.85,18625.81,"organic",2015,"Chicago",2,"Illinois",34457.75
"539",2015-05-24,1.86,20871.17,"organic",2015,"Chicago",2,"Illinois",38820.38
"540",2015-05-17,1.57,24727.46,"organic",2015,"Chicago",2,"Illinois",38822.11
"541",2015-05-10,1.47,27146.38,"organic",2015,"Chicago",2,"Illinois",39905.18
"542",2015-05-03,1.51,27210.49,"organic",2015,"Chicago",2,"Illinois",41087.84
"543",2015-04-26,1.51,31932.1,"organic",2015,"Chicago",2,"Illinois",48217.47
"544",2015-04-19,1.55,27489.48,"organic",2015,"Chicago",2,"Illinois",42608.69
"545",2015-04-12,1.3,88346.47,"organic",2015,"Chicago",2,"Illinois",114850.41
"546",2015-04-05,1.65,21064.17,"organic",2015,"Chicago",2,"Illinois",34755.88
"547",2015-03-29,1.66,15545.06,"organic",2015,"Chicago",2,"Illinois",25804.8
"548",2015-03-22,1.67,16076.52,"organic",2015,"Chicago",2,"Illinois",26847.79
"549",2015-03-15,1.64,15001.33,"organic",2015,"Chicago",2,"Illinois",24602.18
"550",2015-03-08,1.62,16545.05,"organic",2015,"Chicago",2,"Illinois",26802.98
"551",2015-03-01,1.82,11842.47,"organic",2015,"Chicago",2,"Illinois",21553.3
"552",2015-02-22,1.83,10235.09,"organic",2015,"Chicago",1,"Illinois",18730.21
"553",2015-02-15,1.81,10575.65,"organic",2015,"Chicago",1,"Illinois",19141.93
"554",2015-02-08,1.78,9910.84,"organic",2015,"Chicago",1,"Illinois",17641.3
"555",2015-02-01,1.52,14391.05,"organic",2015,"Chicago",1,"Illinois",21874.4
"556",2015-01-25,1.83,10951.51,"organic",2015,"Chicago",1,"Illinois",20041.26
"557",2015-01-18,1.81,12499.87,"organic",2015,"Chicago",1,"Illinois",22624.76
"558",2015-01-11,1.79,12915.74,"organic",2015,"Chicago",1,"Illinois",23119.17
"559",2015-01-04,1.49,17723.17,"organic",2015,"Chicago",1,"Illinois",26407.52
"560",2015-12-27,1.53,2970.79,"organic",2015,"Columbus",1,"Ohio",4545.31
"561",2015-12-20,1.67,2002.61,"organic",2015,"Columbus",1,"Ohio",3344.36
"562",2015-12-13,1.59,2253.92,"organic",2015,"Columbus",1,"Ohio",3583.73
"563",2015-12-06,1.52,3535.8,"organic",2015,"Columbus",1,"Ohio",5374.42
"564",2015-11-29,1.48,3305.78,"organic",2015,"Columbus",4,"Ohio",4892.55
"565",2015-11-22,1.48,3636.86,"organic",2015,"Columbus",4,"Ohio",5382.55
"566",2015-11-15,1.48,3595.02,"organic",2015,"Columbus",4,"Ohio",5320.63
"567",2015-11-08,1.4,4144.82,"organic",2015,"Columbus",4,"Ohio",5802.75
"568",2015-11-01,1.47,3834.42,"organic",2015,"Columbus",4,"Ohio",5636.6
"569",2015-10-25,1.44,4010.32,"organic",2015,"Columbus",4,"Ohio",5774.86
"570",2015-10-18,1.36,4135.76,"organic",2015,"Columbus",4,"Ohio",5624.63
"571",2015-10-11,1.27,4403.09,"organic",2015,"Columbus",4,"Ohio",5591.92
"572",2015-10-04,1.49,3592.22,"organic",2015,"Columbus",4,"Ohio",5352.41
"573",2015-09-27,1.67,2404.66,"organic",2015,"Columbus",4,"Ohio",4015.78
"574",2015-09-20,1.82,2435.16,"organic",2015,"Columbus",4,"Ohio",4431.99
"575",2015-09-13,1.74,3900.18,"organic",2015,"Columbus",4,"Ohio",6786.31
"576",2015-09-06,1.64,5450.41,"organic",2015,"Columbus",4,"Ohio",8938.67
"577",2015-08-30,1.48,5070.79,"organic",2015,"Columbus",3,"Ohio",7504.77
"578",2015-08-23,1.66,4806.35,"organic",2015,"Columbus",3,"Ohio",7978.54
"579",2015-08-16,2.08,3554.43,"organic",2015,"Columbus",3,"Ohio",7393.21
"580",2015-08-09,1.98,3184.94,"organic",2015,"Columbus",3,"Ohio",6306.18
"581",2015-08-02,1.8,2749.93,"organic",2015,"Columbus",3,"Ohio",4949.87
"582",2015-07-26,1.31,4288.7,"organic",2015,"Columbus",3,"Ohio",5618.2
"583",2015-07-19,1.46,4349,"organic",2015,"Columbus",3,"Ohio",6349.54
"584",2015-07-12,1.01,6269.43,"organic",2015,"Columbus",3,"Ohio",6332.12
"585",2015-07-05,1.31,5903.4,"organic",2015,"Columbus",3,"Ohio",7733.45
"586",2015-06-28,1.35,4816.89,"organic",2015,"Columbus",3,"Ohio",6502.8
"587",2015-06-21,1.35,5347.37,"organic",2015,"Columbus",3,"Ohio",7218.95
"588",2015-06-14,1.5,4520.37,"organic",2015,"Columbus",3,"Ohio",6780.56
"589",2015-06-07,1.21,6028.43,"organic",2015,"Columbus",3,"Ohio",7294.4
"590",2015-05-31,1.49,5950.91,"organic",2015,"Columbus",2,"Ohio",8866.86
"591",2015-05-24,1.51,5360.41,"organic",2015,"Columbus",2,"Ohio",8094.22
"592",2015-05-17,1.21,4754.7,"organic",2015,"Columbus",2,"Ohio",5753.19
"593",2015-05-10,0.81,29694.82,"organic",2015,"Columbus",2,"Ohio",24052.8
"594",2015-05-03,0.89,28020.38,"organic",2015,"Columbus",2,"Ohio",24938.14
"595",2015-04-26,1.57,4883.55,"organic",2015,"Columbus",2,"Ohio",7667.17
"596",2015-04-19,1.47,4844.5,"organic",2015,"Columbus",2,"Ohio",7121.42
"597",2015-04-12,1.66,4628.41,"organic",2015,"Columbus",2,"Ohio",7683.16
"598",2015-04-05,1.38,5289.64,"organic",2015,"Columbus",2,"Ohio",7299.7
"599",2015-03-29,1.79,3464.77,"organic",2015,"Columbus",2,"Ohio",6201.94
"600",2015-03-22,1.91,2294.07,"organic",2015,"Columbus",2,"Ohio",4381.67
"601",2015-03-15,1.65,3385.11,"organic",2015,"Columbus",2,"Ohio",5585.43
"602",2015-03-08,1.84,4518.71,"organic",2015,"Columbus",2,"Ohio",8314.43
"603",2015-03-01,1.86,4054.67,"organic",2015,"Columbus",2,"Ohio",7541.69
"604",2015-02-22,1.79,3933.81,"organic",2015,"Columbus",1,"Ohio",7041.52
"605",2015-02-15,1.64,4283.56,"organic",2015,"Columbus",1,"Ohio",7025.04
"606",2015-02-08,1.78,3483.64,"organic",2015,"Columbus",1,"Ohio",6200.88
"607",2015-02-01,1.63,4215.96,"organic",2015,"Columbus",1,"Ohio",6872.01
"608",2015-01-25,1.67,4847.86,"organic",2015,"Columbus",1,"Ohio",8095.93
"609",2015-01-18,1.84,4027.45,"organic",2015,"Columbus",1,"Ohio",7410.51
"610",2015-01-11,1.68,4193.17,"organic",2015,"Columbus",1,"Ohio",7044.53
"611",2015-01-04,1.44,3930.94,"organic",2015,"Columbus",1,"Ohio",5660.55
"612",2015-12-27,1.63,2161.84,"organic",2015,"Tampa",1,"Florida",3523.8
"613",2015-12-20,1.79,2078.74,"organic",2015,"Tampa",1,"Florida",3720.94
"614",2015-12-13,1.76,1844.95,"organic",2015,"Tampa",1,"Florida",3247.11
"615",2015-12-06,1.76,1739.62,"organic",2015,"Tampa",1,"Florida",3061.73
"616",2015-11-29,1.73,1685.8,"organic",2015,"Tampa",4,"Florida",2916.43
"617",2015-11-22,1.78,1983.73,"organic",2015,"Tampa",4,"Florida",3531.04
"618",2015-11-15,1.75,2807.44,"organic",2015,"Tampa",4,"Florida",4913.02
"619",2015-11-08,1.74,1802.37,"organic",2015,"Tampa",4,"Florida",3136.12
"620",2015-11-01,1.5,1541.99,"organic",2015,"Tampa",4,"Florida",2312.98
"621",2015-10-25,1.49,1098.67,"organic",2015,"Tampa",4,"Florida",1637.02
"622",2015-10-18,1.49,1162.28,"organic",2015,"Tampa",4,"Florida",1731.8
"623",2015-10-11,1.5,1732.8,"organic",2015,"Tampa",4,"Florida",2599.2
"624",2015-10-04,1.47,1402.83,"organic",2015,"Tampa",4,"Florida",2062.16
"625",2015-09-27,1.31,930.74,"organic",2015,"Tampa",4,"Florida",1219.27
"626",2015-09-20,1.46,1738.65,"organic",2015,"Tampa",4,"Florida",2538.43
"627",2015-09-13,1.43,1254.81,"organic",2015,"Tampa",4,"Florida",1794.38
"628",2015-09-06,1.49,1786.45,"organic",2015,"Tampa",4,"Florida",2661.81
"629",2015-08-30,1.48,1279.51,"organic",2015,"Tampa",3,"Florida",1893.67
"630",2015-08-23,1.5,998.28,"organic",2015,"Tampa",3,"Florida",1497.42
"631",2015-08-16,1.5,1187.99,"organic",2015,"Tampa",3,"Florida",1781.98
"632",2015-08-09,1.5,1250.53,"organic",2015,"Tampa",3,"Florida",1875.8
"633",2015-08-02,1.5,1200.48,"organic",2015,"Tampa",3,"Florida",1800.72
"634",2015-07-26,1.49,697.76,"organic",2015,"Tampa",3,"Florida",1039.66
"635",2015-07-19,1.42,1108.9,"organic",2015,"Tampa",3,"Florida",1574.64
"636",2015-07-12,1.63,2377.5,"organic",2015,"Tampa",3,"Florida",3875.32
"637",2015-07-05,1.9,2108.32,"organic",2015,"Tampa",3,"Florida",4005.81
"638",2015-06-28,1.81,2098.65,"organic",2015,"Tampa",3,"Florida",3798.56
"639",2015-06-21,1.84,1346.16,"organic",2015,"Tampa",3,"Florida",2476.93
"640",2015-06-14,1.73,2026.74,"organic",2015,"Tampa",3,"Florida",3506.26
"641",2015-06-07,1.71,2275.26,"organic",2015,"Tampa",3,"Florida",3890.69
"642",2015-05-31,1.72,2091.42,"organic",2015,"Tampa",2,"Florida",3597.24
"643",2015-05-24,1.7,1961.33,"organic",2015,"Tampa",2,"Florida",3334.26
"644",2015-05-17,1.69,1916.43,"organic",2015,"Tampa",2,"Florida",3238.77
"645",2015-05-10,1.69,2622.05,"organic",2015,"Tampa",2,"Florida",4431.26
"646",2015-05-03,1.34,3590.4,"organic",2015,"Tampa",2,"Florida",4811.14
"647",2015-04-26,1.31,3775.87,"organic",2015,"Tampa",2,"Florida",4946.39
"648",2015-04-19,1.48,3118.18,"organic",2015,"Tampa",2,"Florida",4614.91
"649",2015-04-12,1.69,1723.93,"organic",2015,"Tampa",2,"Florida",2913.44
"650",2015-04-05,1.72,1998.39,"organic",2015,"Tampa",2,"Florida",3437.23
"651",2015-03-29,1.73,2210.49,"organic",2015,"Tampa",2,"Florida",3824.15
"652",2015-03-22,1.68,3313.75,"organic",2015,"Tampa",2,"Florida",5567.1
"653",2015-03-15,1.68,2301.7,"organic",2015,"Tampa",2,"Florida",3866.86
"654",2015-03-08,1.65,2681.85,"organic",2015,"Tampa",2,"Florida",4425.05
"655",2015-03-01,1.63,2901.01,"organic",2015,"Tampa",2,"Florida",4728.65
"656",2015-02-22,1.68,2650.48,"organic",2015,"Tampa",1,"Florida",4452.81
"657",2015-02-15,1.75,1986.05,"organic",2015,"Tampa",1,"Florida",3475.59
"658",2015-02-08,1.65,2953.53,"organic",2015,"Tampa",1,"Florida",4873.32
"659",2015-02-01,1.68,2109.19,"organic",2015,"Tampa",1,"Florida",3543.44
"660",2015-01-25,1.75,1460.04,"organic",2015,"Tampa",1,"Florida",2555.07
"661",2015-01-18,1.73,1751.2,"organic",2015,"Tampa",1,"Florida",3029.58
"662",2015-01-11,1.84,1258.62,"organic",2015,"Tampa",1,"Florida",2315.86
"663",2015-01-04,1.7,1885.48,"organic",2015,"Tampa",1,"Florida",3205.32
"664",2016-12-25,1.34,33412.35,"organic",2016,"Chicago",1,"Illinois",44772.55
"665",2016-12-18,1.34,40115.97,"organic",2016,"Chicago",1,"Illinois",53755.4
"666",2016-12-11,1.32,54112.89,"organic",2016,"Chicago",1,"Illinois",71429.01
"667",2016-12-04,1.71,35156.8,"organic",2016,"Chicago",1,"Illinois",60118.13
"668",2016-11-27,2.3,20020.98,"organic",2016,"Chicago",4,"Illinois",46048.25
"669",2016-11-20,2.3,24924.61,"organic",2016,"Chicago",4,"Illinois",57326.6
"670",2016-11-13,2.25,28482.64,"organic",2016,"Chicago",4,"Illinois",64085.94
"671",2016-11-06,2.24,28818.87,"organic",2016,"Chicago",4,"Illinois",64554.27
"672",2016-10-30,2.23,32607.37,"organic",2016,"Chicago",4,"Illinois",72714.44
"673",2016-10-23,2.2,28740.94,"organic",2016,"Chicago",4,"Illinois",63230.07
"674",2016-10-16,2.11,30428.53,"organic",2016,"Chicago",4,"Illinois",64204.2
"675",2016-10-09,2.04,26995.26,"organic",2016,"Chicago",4,"Illinois",55070.33
"676",2016-10-02,2.05,27147.49,"organic",2016,"Chicago",4,"Illinois",55652.35
"677",2016-09-25,2.05,26730.61,"organic",2016,"Chicago",4,"Illinois",54797.75
"678",2016-09-18,2.06,21876.53,"organic",2016,"Chicago",4,"Illinois",45065.65
"679",2016-09-11,2.07,30146.46,"organic",2016,"Chicago",4,"Illinois",62403.17
"680",2016-09-04,2.08,29892.84,"organic",2016,"Chicago",4,"Illinois",62177.11
"681",2016-08-28,2.09,27637.06,"organic",2016,"Chicago",3,"Illinois",57761.46
"682",2016-08-21,2.08,31252.62,"organic",2016,"Chicago",3,"Illinois",65005.45
"683",2016-08-14,2.09,27655.2,"organic",2016,"Chicago",3,"Illinois",57799.37
"684",2016-08-07,2.13,26720.39,"organic",2016,"Chicago",3,"Illinois",56914.43
"685",2016-07-31,2.11,28969.34,"organic",2016,"Chicago",3,"Illinois",61125.31
"686",2016-07-24,1.93,24894.83,"organic",2016,"Chicago",3,"Illinois",48047.02
"687",2016-07-17,1.89,26249.13,"organic",2016,"Chicago",3,"Illinois",49610.86
"688",2016-07-10,2.01,12651.27,"organic",2016,"Chicago",3,"Illinois",25429.05
"689",2016-07-03,1.5,15807.19,"organic",2016,"Chicago",3,"Illinois",23710.78
"690",2016-06-26,1.8,27771.37,"organic",2016,"Chicago",3,"Illinois",49988.47
"691",2016-06-19,1.53,37650.61,"organic",2016,"Chicago",3,"Illinois",57605.43
"692",2016-06-12,1.53,40535.05,"organic",2016,"Chicago",3,"Illinois",62018.63
"693",2016-06-05,1.24,42580.14,"organic",2016,"Chicago",3,"Illinois",52799.37
"694",2016-05-29,1.08,65325.69,"organic",2016,"Chicago",2,"Illinois",70551.75
"695",2016-05-22,1.33,45768.24,"organic",2016,"Chicago",2,"Illinois",60871.76
"696",2016-05-15,1.61,32454.82,"organic",2016,"Chicago",2,"Illinois",52252.26
"697",2016-05-08,1.62,34200.94,"organic",2016,"Chicago",2,"Illinois",55405.52
"698",2016-05-01,1.61,31458.63,"organic",2016,"Chicago",2,"Illinois",50648.39
"699",2016-04-24,1.63,35192.95,"organic",2016,"Chicago",2,"Illinois",57364.51
"700",2016-04-17,1.55,25405.66,"organic",2016,"Chicago",2,"Illinois",39378.77
"701",2016-04-10,1.68,35474.03,"organic",2016,"Chicago",2,"Illinois",59596.37
"702",2016-04-03,1.66,35602.29,"organic",2016,"Chicago",2,"Illinois",59099.8
"703",2016-03-27,1.5,35086.33,"organic",2016,"Chicago",2,"Illinois",52629.5
"704",2016-03-20,1.5,32456.45,"organic",2016,"Chicago",2,"Illinois",48684.68
"705",2016-03-13,1.5,29584.31,"organic",2016,"Chicago",2,"Illinois",44376.46
"706",2016-03-06,1.49,36774.58,"organic",2016,"Chicago",2,"Illinois",54794.12
"707",2016-02-28,1.6,34164.85,"organic",2016,"Chicago",1,"Illinois",54663.76
"708",2016-02-21,1.55,32492.15,"organic",2016,"Chicago",1,"Illinois",50362.83
"709",2016-02-14,1.58,28656.64,"organic",2016,"Chicago",1,"Illinois",45277.49
"710",2016-02-07,1.6,31000.01,"organic",2016,"Chicago",1,"Illinois",49600.02
"711",2016-01-31,1.61,28813.36,"organic",2016,"Chicago",1,"Illinois",46389.51
"712",2016-01-24,1.62,25004.87,"organic",2016,"Chicago",1,"Illinois",40507.89
"713",2016-01-17,1.52,25573.57,"organic",2016,"Chicago",1,"Illinois",38871.83
"714",2016-01-10,1.62,35835.37,"organic",2016,"Chicago",1,"Illinois",58053.3
"715",2016-01-03,1.62,24460.46,"organic",2016,"Chicago",1,"Illinois",39625.95
"716",2016-12-25,1.75,4561.12,"organic",2016,"Columbus",1,"Ohio",7981.96
"717",2016-12-18,1.64,4249.07,"organic",2016,"Columbus",1,"Ohio",6968.47
"718",2016-12-11,1.02,8682.81,"organic",2016,"Columbus",1,"Ohio",8856.47
"719",2016-12-04,1.36,5338.71,"organic",2016,"Columbus",1,"Ohio",7260.65
"720",2016-11-27,1.47,5503.68,"organic",2016,"Columbus",4,"Ohio",8090.41
"721",2016-11-20,1.31,7255.4,"organic",2016,"Columbus",4,"Ohio",9504.57
"722",2016-11-13,1.18,10485.95,"organic",2016,"Columbus",4,"Ohio",12373.42
"723",2016-11-06,0.89,16601.25,"organic",2016,"Columbus",4,"Ohio",14775.11
"724",2016-10-30,1.8,5890.85,"organic",2016,"Columbus",4,"Ohio",10603.53
"725",2016-10-23,1.18,10574.95,"organic",2016,"Columbus",4,"Ohio",12478.44
"726",2016-10-16,1.01,16161.36,"organic",2016,"Columbus",4,"Ohio",16322.97
"727",2016-10-09,1.03,15870,"organic",2016,"Columbus",4,"Ohio",16346.1
"728",2016-10-02,1.77,8280.66,"organic",2016,"Columbus",4,"Ohio",14656.77
"729",2016-09-25,1.3,12976.63,"organic",2016,"Columbus",4,"Ohio",16869.62
"730",2016-09-18,1.58,5525.95,"organic",2016,"Columbus",4,"Ohio",8731
"731",2016-09-11,1.12,9434.47,"organic",2016,"Columbus",4,"Ohio",10566.61
"732",2016-09-04,1.17,11869.66,"organic",2016,"Columbus",4,"Ohio",13887.5
"733",2016-08-28,1.32,10186.67,"organic",2016,"Columbus",3,"Ohio",13446.4
"734",2016-08-21,1.67,7223.46,"organic",2016,"Columbus",3,"Ohio",12063.18
"735",2016-08-14,1.54,7697.63,"organic",2016,"Columbus",3,"Ohio",11854.35
"736",2016-08-07,1.47,8981.41,"organic",2016,"Columbus",3,"Ohio",13202.67
"737",2016-07-31,1.4,9346.26,"organic",2016,"Columbus",3,"Ohio",13084.76
"738",2016-07-24,1.58,8142.15,"organic",2016,"Columbus",3,"Ohio",12864.6
"739",2016-07-17,1.2,11566.22,"organic",2016,"Columbus",3,"Ohio",13879.46
"740",2016-07-10,1,11572.14,"organic",2016,"Columbus",3,"Ohio",11572.14
"741",2016-07-03,1.02,7549.2,"organic",2016,"Columbus",3,"Ohio",7700.18
"742",2016-06-26,1.1,8491.02,"organic",2016,"Columbus",3,"Ohio",9340.12
"743",2016-06-19,0.99,13064.09,"organic",2016,"Columbus",3,"Ohio",12933.45
"744",2016-06-12,1.3,10239.17,"organic",2016,"Columbus",3,"Ohio",13310.92
"745",2016-06-05,1.43,9417.49,"organic",2016,"Columbus",3,"Ohio",13467.01
"746",2016-05-29,1.39,7507.51,"organic",2016,"Columbus",2,"Ohio",10435.44
"747",2016-05-22,1.31,6711.12,"organic",2016,"Columbus",2,"Ohio",8791.57
"748",2016-05-15,1.22,7017.73,"organic",2016,"Columbus",2,"Ohio",8561.63
"749",2016-05-08,1.14,8467.42,"organic",2016,"Columbus",2,"Ohio",9652.86
"750",2016-05-01,1.29,5872.4,"organic",2016,"Columbus",2,"Ohio",7575.4
"751",2016-04-24,0.99,11874.13,"organic",2016,"Columbus",2,"Ohio",11755.39
"752",2016-04-17,1.17,9508.72,"organic",2016,"Columbus",2,"Ohio",11125.2
"753",2016-04-10,1.52,6323.62,"organic",2016,"Columbus",2,"Ohio",9611.9
"754",2016-04-03,1.69,5382.24,"organic",2016,"Columbus",2,"Ohio",9095.99
"755",2016-03-27,1.54,6663.94,"organic",2016,"Columbus",2,"Ohio",10262.47
"756",2016-03-20,1.23,7457.89,"organic",2016,"Columbus",2,"Ohio",9173.2
"757",2016-03-13,1.37,7157.22,"organic",2016,"Columbus",2,"Ohio",9805.39
"758",2016-03-06,1.42,4854.17,"organic",2016,"Columbus",2,"Ohio",6892.92
"759",2016-02-28,1.43,5181.52,"organic",2016,"Columbus",1,"Ohio",7409.57
"760",2016-02-21,1.39,4382,"organic",2016,"Columbus",1,"Ohio",6090.98
"761",2016-02-14,1.25,4607.55,"organic",2016,"Columbus",1,"Ohio",5759.44
"762",2016-02-07,1.31,3999.51,"organic",2016,"Columbus",1,"Ohio",5239.36
"763",2016-01-31,1.28,4289.51,"organic",2016,"Columbus",1,"Ohio",5490.57
"764",2016-01-24,0.96,6522.27,"organic",2016,"Columbus",1,"Ohio",6261.38
"765",2016-01-17,1.44,5244.61,"organic",2016,"Columbus",1,"Ohio",7552.24
"766",2016-01-10,1.37,5663.07,"organic",2016,"Columbus",1,"Ohio",7758.41
"767",2016-01-03,1.51,4034.88,"organic",2016,"Columbus",1,"Ohio",6092.67
"768",2016-12-25,1.21,6117.58,"organic",2016,"Tampa",1,"Florida",7402.27
"769",2016-12-18,1.22,6281.56,"organic",2016,"Tampa",1,"Florida",7663.5
"770",2016-12-11,1.37,5795.54,"organic",2016,"Tampa",1,"Florida",7939.89
"771",2016-12-04,1.45,4668.39,"organic",2016,"Tampa",1,"Florida",6769.17
"772",2016-11-27,1.47,4523.75,"organic",2016,"Tampa",4,"Florida",6649.91
"773",2016-11-20,1.5,5122.16,"organic",2016,"Tampa",4,"Florida",7683.24
"774",2016-11-13,1.49,6531.96,"organic",2016,"Tampa",4,"Florida",9732.62
"775",2016-11-06,1.52,5424.32,"organic",2016,"Tampa",4,"Florida",8244.97
"776",2016-10-30,1.47,3023.03,"organic",2016,"Tampa",4,"Florida",4443.85
"777",2016-10-23,1.49,3701.46,"organic",2016,"Tampa",4,"Florida",5515.18
"778",2016-10-16,1.4,3226.62,"organic",2016,"Tampa",4,"Florida",4517.27
"779",2016-10-09,1.58,4094.16,"organic",2016,"Tampa",4,"Florida",6468.77
"780",2016-10-02,2.29,3413.45,"organic",2016,"Tampa",4,"Florida",7816.8
"781",2016-09-25,1.51,1011.16,"organic",2016,"Tampa",4,"Florida",1526.85
"782",2016-09-18,1.35,3704.63,"organic",2016,"Tampa",4,"Florida",5001.25
"783",2016-09-11,1.35,4541.09,"organic",2016,"Tampa",4,"Florida",6130.47
"784",2016-09-04,1.37,4643.21,"organic",2016,"Tampa",4,"Florida",6361.2
"785",2016-08-28,1.39,3938.37,"organic",2016,"Tampa",3,"Florida",5474.33
"786",2016-08-21,1.36,4345.97,"organic",2016,"Tampa",3,"Florida",5910.52
"787",2016-08-14,1.35,4996.87,"organic",2016,"Tampa",3,"Florida",6745.77
"788",2016-08-07,1.35,3996.71,"organic",2016,"Tampa",3,"Florida",5395.56
"789",2016-07-31,1.24,4221.4,"organic",2016,"Tampa",3,"Florida",5234.54
"790",2016-07-24,1.2,5350.17,"organic",2016,"Tampa",3,"Florida",6420.2
"791",2016-07-17,1.44,4063.4,"organic",2016,"Tampa",3,"Florida",5851.3
"792",2016-07-10,1.44,8568.93,"organic",2016,"Tampa",3,"Florida",12339.26
"793",2016-07-03,1.3,7873.96,"organic",2016,"Tampa",3,"Florida",10236.15
"794",2016-06-26,1.5,5867.74,"organic",2016,"Tampa",3,"Florida",8801.61
"795",2016-06-19,1.36,6441.8,"organic",2016,"Tampa",3,"Florida",8760.85
"796",2016-06-12,1.42,5150.78,"organic",2016,"Tampa",3,"Florida",7314.11
"797",2016-06-05,1.36,5554.46,"organic",2016,"Tampa",3,"Florida",7554.07
"798",2016-05-29,1.33,6565.11,"organic",2016,"Tampa",2,"Florida",8731.6
"799",2016-05-22,1.46,5378.15,"organic",2016,"Tampa",2,"Florida",7852.1
"800",2016-05-15,1.5,5009.34,"organic",2016,"Tampa",2,"Florida",7514.01
"801",2016-05-08,1.51,4029.84,"organic",2016,"Tampa",2,"Florida",6085.06
"802",2016-05-01,1.49,4800.24,"organic",2016,"Tampa",2,"Florida",7152.36
"803",2016-04-24,1.47,4904.86,"organic",2016,"Tampa",2,"Florida",7210.14
"804",2016-04-17,1.47,4785.64,"organic",2016,"Tampa",2,"Florida",7034.89
"805",2016-04-10,1.31,5511.75,"organic",2016,"Tampa",2,"Florida",7220.39
"806",2016-04-03,1.37,5314.1,"organic",2016,"Tampa",2,"Florida",7280.32
"807",2016-03-27,1.33,4340.06,"organic",2016,"Tampa",2,"Florida",5772.28
"808",2016-03-20,1.34,3651.32,"organic",2016,"Tampa",2,"Florida",4892.77
"809",2016-03-13,1.28,4671.11,"organic",2016,"Tampa",2,"Florida",5979.02
"810",2016-03-06,1.5,2873.92,"organic",2016,"Tampa",2,"Florida",4310.88
"811",2016-02-28,1.55,3176.67,"organic",2016,"Tampa",1,"Florida",4923.84
"812",2016-02-21,1.46,2652.11,"organic",2016,"Tampa",1,"Florida",3872.08
"813",2016-02-14,1.48,3302.62,"organic",2016,"Tampa",1,"Florida",4887.88
"814",2016-02-07,1.49,3031.31,"organic",2016,"Tampa",1,"Florida",4516.65
"815",2016-01-31,1.6,3198.3,"organic",2016,"Tampa",1,"Florida",5117.28
"816",2016-01-24,1.44,3907.4,"organic",2016,"Tampa",1,"Florida",5626.66
"817",2016-01-17,1.59,2951.32,"organic",2016,"Tampa",1,"Florida",4692.6
"818",2016-01-10,1.6,3428.28,"organic",2016,"Tampa",1,"Florida",5485.25
"819",2016-01-03,1.08,11446.01,"organic",2016,"Tampa",1,"Florida",12361.69
"820",2017-12-31,1.79,26040.03,"organic",2017,"Chicago",1,"Illinois",46611.65
"821",2017-12-24,1.81,32444.19,"organic",2017,"Chicago",1,"Illinois",58723.98
"822",2017-12-17,1.39,44435.16,"organic",2017,"Chicago",1,"Illinois",61764.87
"823",2017-12-10,1.65,40734.03,"organic",2017,"Chicago",1,"Illinois",67211.15
"824",2017-12-03,1.75,32233.21,"organic",2017,"Chicago",1,"Illinois",56408.12
"825",2017-11-26,1.73,28513.37,"organic",2017,"Chicago",4,"Illinois",49328.13
"826",2017-11-19,1.79,27898.67,"organic",2017,"Chicago",4,"Illinois",49938.62
"827",2017-11-12,2.06,32924.34,"organic",2017,"Chicago",4,"Illinois",67824.14
"828",2017-11-05,1.95,41108.47,"organic",2017,"Chicago",4,"Illinois",80161.52
"829",2017-10-29,2.06,35333.89,"organic",2017,"Chicago",4,"Illinois",72787.81
"830",2017-10-22,2.1,33775.92,"organic",2017,"Chicago",4,"Illinois",70929.43
"831",2017-10-15,1.9,42271.67,"organic",2017,"Chicago",4,"Illinois",80316.17
"832",2017-10-08,1.8,44054.7,"organic",2017,"Chicago",4,"Illinois",79298.46
"833",2017-10-01,1.84,31903.97,"organic",2017,"Chicago",4,"Illinois",58703.3
"834",2017-09-24,1.92,33346.53,"organic",2017,"Chicago",4,"Illinois",64025.34
"835",2017-09-17,2.13,28047.95,"organic",2017,"Chicago",4,"Illinois",59742.13
"836",2017-09-10,1.96,26481.45,"organic",2017,"Chicago",4,"Illinois",51903.64
"837",2017-09-03,2.05,20131.27,"organic",2017,"Chicago",4,"Illinois",41269.1
"838",2017-08-27,2.11,26530.32,"organic",2017,"Chicago",3,"Illinois",55978.98
"839",2017-08-20,1.71,13896.65,"organic",2017,"Chicago",3,"Illinois",23763.27
"840",2017-08-13,1.69,17452.06,"organic",2017,"Chicago",3,"Illinois",29493.98
"841",2017-08-06,1.74,13741.86,"organic",2017,"Chicago",3,"Illinois",23910.84
"842",2017-07-30,1.9,39043.11,"organic",2017,"Chicago",3,"Illinois",74181.91
"843",2017-07-23,1.88,36591.27,"organic",2017,"Chicago",3,"Illinois",68791.59
"844",2017-07-16,1.83,43700.57,"organic",2017,"Chicago",3,"Illinois",79972.04
"845",2017-07-09,1.99,34529.39,"organic",2017,"Chicago",3,"Illinois",68713.49
"846",2017-07-02,1.98,34696.48,"organic",2017,"Chicago",3,"Illinois",68699.03
"847",2017-06-25,1.98,34223.93,"organic",2017,"Chicago",3,"Illinois",67763.38
"848",2017-06-18,1.98,36015.84,"organic",2017,"Chicago",3,"Illinois",71311.36
"849",2017-06-11,1.96,44859.81,"organic",2017,"Chicago",3,"Illinois",87925.23
"850",2017-06-04,1.94,46993.63,"organic",2017,"Chicago",3,"Illinois",91167.64
"851",2017-05-28,1.93,48877.42,"organic",2017,"Chicago",2,"Illinois",94333.42
"852",2017-05-21,1.94,44591.86,"organic",2017,"Chicago",2,"Illinois",86508.21
"853",2017-05-14,1.93,40490.25,"organic",2017,"Chicago",2,"Illinois",78146.18
"854",2017-05-07,1.95,42798.67,"organic",2017,"Chicago",2,"Illinois",83457.41
"855",2017-04-30,1.97,46274.23,"organic",2017,"Chicago",2,"Illinois",91160.23
"856",2017-04-23,1.67,50574.88,"organic",2017,"Chicago",2,"Illinois",84460.05
"857",2017-04-16,1.74,68194.97,"organic",2017,"Chicago",2,"Illinois",118659.25
"858",2017-04-09,1.95,57024.53,"organic",2017,"Chicago",2,"Illinois",111197.83
"859",2017-04-02,1.94,56046.88,"organic",2017,"Chicago",2,"Illinois",108730.95
"860",2017-03-26,1.67,48330.46,"organic",2017,"Chicago",2,"Illinois",80711.87
"861",2017-03-19,1.68,45989.07,"organic",2017,"Chicago",2,"Illinois",77261.64
"862",2017-03-12,1.93,33185.31,"organic",2017,"Chicago",2,"Illinois",64047.65
"863",2017-03-05,1.64,47884.05,"organic",2017,"Chicago",2,"Illinois",78529.84
"864",2017-02-26,1.69,46602.16,"organic",2017,"Chicago",1,"Illinois",78757.65
"865",2017-02-19,1.6,36645.7,"organic",2017,"Chicago",1,"Illinois",58633.12
"866",2017-02-12,1.53,35870.49,"organic",2017,"Chicago",1,"Illinois",54881.85
"867",2017-02-05,1.49,42439.11,"organic",2017,"Chicago",1,"Illinois",63234.27
"868",2017-01-29,1.51,44735.4,"organic",2017,"Chicago",1,"Illinois",67550.45
"869",2017-01-22,1.51,47561.03,"organic",2017,"Chicago",1,"Illinois",71817.16
"870",2017-01-15,1.85,38542.5,"organic",2017,"Chicago",1,"Illinois",71303.62
"871",2017-01-08,1.81,28099.34,"organic",2017,"Chicago",1,"Illinois",50859.81
"872",2017-01-01,1.34,36915.87,"organic",2017,"Chicago",1,"Illinois",49467.27
"873",2017-12-31,1.14,15852.37,"organic",2017,"Columbus",1,"Ohio",18071.7
"874",2017-12-24,1.54,7093.59,"organic",2017,"Columbus",1,"Ohio",10924.13
"875",2017-12-17,1.56,6639.05,"organic",2017,"Columbus",1,"Ohio",10356.92
"876",2017-12-10,1.52,6603.57,"organic",2017,"Columbus",1,"Ohio",10037.43
"877",2017-12-03,1.54,6026.57,"organic",2017,"Columbus",1,"Ohio",9280.92
"878",2017-11-26,1.54,7737.55,"organic",2017,"Columbus",4,"Ohio",11915.83
"879",2017-11-19,1.47,7723.38,"organic",2017,"Columbus",4,"Ohio",11353.37
"880",2017-11-12,1.53,8438.61,"organic",2017,"Columbus",4,"Ohio",12911.07
"881",2017-11-05,1.67,7478.89,"organic",2017,"Columbus",4,"Ohio",12489.75
"882",2017-10-29,1.73,9202.76,"organic",2017,"Columbus",4,"Ohio",15920.77
"883",2017-10-22,1.68,12206.22,"organic",2017,"Columbus",4,"Ohio",20506.45
"884",2017-10-15,1.78,10715.93,"organic",2017,"Columbus",4,"Ohio",19074.36
"885",2017-10-08,1.89,9142.31,"organic",2017,"Columbus",4,"Ohio",17278.97
"886",2017-10-01,1.91,9352.24,"organic",2017,"Columbus",4,"Ohio",17862.78
"887",2017-09-24,2.22,10488.79,"organic",2017,"Columbus",4,"Ohio",23285.11
"888",2017-09-17,2.03,7548.1,"organic",2017,"Columbus",4,"Ohio",15322.64
"889",2017-09-10,2.13,7365.42,"organic",2017,"Columbus",4,"Ohio",15688.34
"890",2017-09-03,2.1,9058.74,"organic",2017,"Columbus",4,"Ohio",19023.35
"891",2017-08-27,1.87,7110.89,"organic",2017,"Columbus",3,"Ohio",13297.36
"892",2017-08-20,1.8,7563.59,"organic",2017,"Columbus",3,"Ohio",13614.46
"893",2017-08-13,1.73,7525.56,"organic",2017,"Columbus",3,"Ohio",13019.22
"894",2017-08-06,1.72,7587.69,"organic",2017,"Columbus",3,"Ohio",13050.83
"895",2017-07-30,1.61,9033.15,"organic",2017,"Columbus",3,"Ohio",14543.37
"896",2017-07-23,1.73,12071.52,"organic",2017,"Columbus",3,"Ohio",20883.73
"897",2017-07-16,1.69,10483.39,"organic",2017,"Columbus",3,"Ohio",17716.93
"898",2017-07-09,1.38,9167.98,"organic",2017,"Columbus",3,"Ohio",12651.81
"899",2017-07-02,1.46,8676.42,"organic",2017,"Columbus",3,"Ohio",12667.57
"900",2017-06-25,1.28,6043.34,"organic",2017,"Columbus",3,"Ohio",7735.48
"901",2017-06-18,1.14,8654.94,"organic",2017,"Columbus",3,"Ohio",9866.63
"902",2017-06-11,0.83,21264.93,"organic",2017,"Columbus",3,"Ohio",17649.89
"903",2017-06-04,1.44,10383.54,"organic",2017,"Columbus",3,"Ohio",14952.3
"904",2017-05-28,1.51,12422.96,"organic",2017,"Columbus",2,"Ohio",18758.67
"905",2017-05-21,1.44,9530.25,"organic",2017,"Columbus",2,"Ohio",13723.56
"906",2017-05-14,1.64,8117.63,"organic",2017,"Columbus",2,"Ohio",13312.91
"907",2017-05-07,1.61,9940.47,"organic",2017,"Columbus",2,"Ohio",16004.16
"908",2017-04-30,1.7,10632.86,"organic",2017,"Columbus",2,"Ohio",18075.86
"909",2017-04-23,1.63,7379.24,"organic",2017,"Columbus",2,"Ohio",12028.16
"910",2017-04-16,1.03,14081.94,"organic",2017,"Columbus",2,"Ohio",14504.4
"911",2017-04-09,0.97,13309.12,"organic",2017,"Columbus",2,"Ohio",12909.85
"912",2017-04-02,1.39,9701.51,"organic",2017,"Columbus",2,"Ohio",13485.1
"913",2017-03-26,0.72,22560.01,"organic",2017,"Columbus",2,"Ohio",16243.21
"914",2017-03-19,1.5,7892.34,"organic",2017,"Columbus",2,"Ohio",11838.51
"915",2017-03-12,0.83,17118.8,"organic",2017,"Columbus",2,"Ohio",14208.6
"916",2017-03-05,0.52,32113.68,"organic",2017,"Columbus",2,"Ohio",16699.11
"917",2017-02-26,0.66,19772.8,"organic",2017,"Columbus",1,"Ohio",13050.05
"918",2017-02-19,0.74,17517.85,"organic",2017,"Columbus",1,"Ohio",12963.21
"919",2017-02-12,1,10853.5,"organic",2017,"Columbus",1,"Ohio",10853.5
"920",2017-02-05,0.98,10382.58,"organic",2017,"Columbus",1,"Ohio",10174.93
"921",2017-01-29,1.49,6971.41,"organic",2017,"Columbus",1,"Ohio",10387.4
"922",2017-01-22,0.94,11258.65,"organic",2017,"Columbus",1,"Ohio",10583.13
"923",2017-01-15,1.73,5148.98,"organic",2017,"Columbus",1,"Ohio",8907.74
"924",2017-01-08,1.56,4991.69,"organic",2017,"Columbus",1,"Ohio",7787.04
"925",2017-01-01,1.58,5948.66,"organic",2017,"Columbus",1,"Ohio",9398.88
"926",2017-12-31,1.59,5528.74,"organic",2017,"Tampa",1,"Florida",8790.7
"927",2017-12-24,1.64,7369.95,"organic",2017,"Tampa",1,"Florida",12086.72
"928",2017-12-17,1.58,5609.58,"organic",2017,"Tampa",1,"Florida",8863.14
"929",2017-12-10,1.56,5580.67,"organic",2017,"Tampa",1,"Florida",8705.85
"930",2017-12-03,1.61,4677.74,"organic",2017,"Tampa",1,"Florida",7531.16
"931",2017-11-26,1.58,5007.93,"organic",2017,"Tampa",4,"Florida",7912.53
"932",2017-11-19,1.74,6739.72,"organic",2017,"Tampa",4,"Florida",11727.11
"933",2017-11-12,1.82,5441.77,"organic",2017,"Tampa",4,"Florida",9904.02
"934",2017-11-05,1.95,6566.58,"organic",2017,"Tampa",4,"Florida",12804.83
"935",2017-10-29,1.94,6320.26,"organic",2017,"Tampa",4,"Florida",12261.3
"936",2017-10-22,2.18,6399.75,"organic",2017,"Tampa",4,"Florida",13951.46
"937",2017-10-15,2.7,3288.85,"organic",2017,"Tampa",4,"Florida",8879.9
"938",2017-10-08,1.89,5500.88,"organic",2017,"Tampa",4,"Florida",10396.66
"939",2017-10-01,2.14,7152.31,"organic",2017,"Tampa",4,"Florida",15305.94
"940",2017-09-24,1.85,4633.29,"organic",2017,"Tampa",4,"Florida",8571.59
"941",2017-09-17,1.78,1249.75,"organic",2017,"Tampa",4,"Florida",2224.55
"942",2017-09-10,1.76,3548.76,"organic",2017,"Tampa",4,"Florida",6245.82
"943",2017-09-03,1.74,2478.44,"organic",2017,"Tampa",4,"Florida",4312.49
"944",2017-08-27,1.6,3287.16,"organic",2017,"Tampa",3,"Florida",5259.46
"945",2017-08-20,1.55,4048.43,"organic",2017,"Tampa",3,"Florida",6275.07
"946",2017-08-13,1.57,4124.63,"organic",2017,"Tampa",3,"Florida",6475.67
"947",2017-08-06,1.6,3054.66,"organic",2017,"Tampa",3,"Florida",4887.46
"948",2017-07-30,1.57,3724.2,"organic",2017,"Tampa",3,"Florida",5846.99
"949",2017-07-23,1.55,3528.33,"organic",2017,"Tampa",3,"Florida",5468.91
"950",2017-07-16,1.56,3525.61,"organic",2017,"Tampa",3,"Florida",5499.95
"951",2017-07-09,1.68,3943.55,"organic",2017,"Tampa",3,"Florida",6625.16
"952",2017-07-02,2.08,6570.14,"organic",2017,"Tampa",3,"Florida",13665.89
"953",2017-06-25,2.09,6199.5,"organic",2017,"Tampa",3,"Florida",12956.96
"954",2017-06-18,2.07,6480.98,"organic",2017,"Tampa",3,"Florida",13415.63
"955",2017-06-11,1.86,4577.12,"organic",2017,"Tampa",3,"Florida",8513.44
"956",2017-06-04,1.99,5574.93,"organic",2017,"Tampa",3,"Florida",11094.11
"957",2017-05-28,1.79,7101.2,"organic",2017,"Tampa",2,"Florida",12711.15
"958",2017-05-21,1.76,7514.33,"organic",2017,"Tampa",2,"Florida",13225.22
"959",2017-05-14,1.96,4946.02,"organic",2017,"Tampa",2,"Florida",9694.2
"960",2017-05-07,1.64,5564.72,"organic",2017,"Tampa",2,"Florida",9126.14
"961",2017-04-30,2.18,3715.02,"organic",2017,"Tampa",2,"Florida",8098.74
"962",2017-04-23,1.94,5282.78,"organic",2017,"Tampa",2,"Florida",10248.59
"963",2017-04-16,3.17,3018.56,"organic",2017,"Tampa",2,"Florida",9568.84
"964",2017-04-09,2.27,4154.91,"organic",2017,"Tampa",2,"Florida",9431.65
"965",2017-04-02,1.93,5864.06,"organic",2017,"Tampa",2,"Florida",11317.64
"966",2017-03-26,1.52,8253.8,"organic",2017,"Tampa",2,"Florida",12545.78
"967",2017-03-19,1.97,3982.18,"organic",2017,"Tampa",2,"Florida",7844.89
"968",2017-03-12,2.56,2856.05,"organic",2017,"Tampa",2,"Florida",7311.49
"969",2017-03-05,2.61,3705.46,"organic",2017,"Tampa",2,"Florida",9671.25
"970",2017-02-26,2.14,4102.72,"organic",2017,"Tampa",1,"Florida",8779.82
"971",2017-02-19,1.81,4237.44,"organic",2017,"Tampa",1,"Florida",7669.77
"972",2017-02-12,1.44,6411.93,"organic",2017,"Tampa",1,"Florida",9233.18
"973",2017-02-05,1.93,4591.77,"organic",2017,"Tampa",1,"Florida",8862.12
"974",2017-01-29,1.43,5251.73,"organic",2017,"Tampa",1,"Florida",7509.97
"975",2017-01-22,1.2,6939.71,"organic",2017,"Tampa",1,"Florida",8327.65
"976",2017-01-15,1.21,7526.04,"organic",2017,"Tampa",1,"Florida",9106.51
"977",2017-01-08,1.21,6520.7,"organic",2017,"Tampa",1,"Florida",7890.05
"978",2017-01-01,1.22,5905.05,"organic",2017,"Tampa",1,"Florida",7204.16
"979",2018-03-25,1.69,35088.36,"organic",2018,"Chicago",2,"Illinois",59299.33
"980",2018-03-18,1.66,35542.17,"organic",2018,"Chicago",2,"Illinois",59000
"981",2018-03-11,1.66,41969.83,"organic",2018,"Chicago",2,"Illinois",69669.92
"982",2018-03-04,1.62,46026.58,"organic",2018,"Chicago",2,"Illinois",74563.06
"983",2018-02-25,1.68,36432.65,"organic",2018,"Chicago",1,"Illinois",61206.85
"984",2018-02-18,1.66,33678.58,"organic",2018,"Chicago",1,"Illinois",55906.44
"985",2018-02-11,1.65,38202.17,"organic",2018,"Chicago",1,"Illinois",63033.58
"986",2018-02-04,1.62,46956.84,"organic",2018,"Chicago",1,"Illinois",76070.08
"987",2018-01-28,1.72,40770.94,"organic",2018,"Chicago",1,"Illinois",70126.02
"988",2018-01-21,1.82,36688.67,"organic",2018,"Chicago",1,"Illinois",66773.38
"989",2018-01-14,1.79,44955.89,"organic",2018,"Chicago",1,"Illinois",80471.04
"990",2018-01-07,1.83,41573.25,"organic",2018,"Chicago",1,"Illinois",76079.05
"991",2018-03-25,1.31,11125.08,"organic",2018,"Columbus",2,"Ohio",14573.85
"992",2018-03-18,1.2,32634.06,"organic",2018,"Columbus",2,"Ohio",39160.87
"993",2018-03-11,1.26,26620.79,"organic",2018,"Columbus",2,"Ohio",33542.2
"994",2018-03-04,1.48,7617.52,"organic",2018,"Columbus",2,"Ohio",11273.93
"995",2018-02-25,1.57,7371.84,"organic",2018,"Columbus",1,"Ohio",11573.79
"996",2018-02-18,1.44,7807.21,"organic",2018,"Columbus",1,"Ohio",11242.38
"997",2018-02-11,1.42,8970.66,"organic",2018,"Columbus",1,"Ohio",12738.34
"998",2018-02-04,1.47,7422.15,"organic",2018,"Columbus",1,"Ohio",10910.56
"999",2018-01-28,1.43,7669.31,"organic",2018,"Columbus",1,"Ohio",10967.11
"1000",2018-01-21,1.5,8977.97,"organic",2018,"Columbus",1,"Ohio",13466.95
"1001",2018-01-14,1.3,10424.33,"organic",2018,"Columbus",1,"Ohio",13551.63
"1002",2018-01-07,1.15,12589.45,"organic",2018,"Columbus",1,"Ohio",14477.87
"1003",2018-03-25,1.41,10028.49,"organic",2018,"Tampa",2,"Florida",14140.17
"1004",2018-03-18,1.5,10311.24,"organic",2018,"Tampa",2,"Florida",15466.86
"1005",2018-03-11,1.31,8115.07,"organic",2018,"Tampa",2,"Florida",10630.74
"1006",2018-03-04,1.51,9851.33,"organic",2018,"Tampa",2,"Florida",14875.51
"1007",2018-02-25,1.37,9144.2,"organic",2018,"Tampa",1,"Florida",12527.55
"1008",2018-02-18,1.5,8534.53,"organic",2018,"Tampa",1,"Florida",12801.8
"1009",2018-02-11,1.34,8467.46,"organic",2018,"Tampa",1,"Florida",11346.4
"1010",2018-02-04,1.32,7363.56,"organic",2018,"Tampa",1,"Florida",9719.9
"1011",2018-01-28,1.61,7695.89,"organic",2018,"Tampa",1,"Florida",12390.38
"1012",2018-01-21,1.52,6871.05,"organic",2018,"Tampa",1,"Florida",10444
"1013",2018-01-14,1.53,7238.04,"organic",2018,"Tampa",1,"Florida",11074.2
"1014",2018-01-07,1.51,7370.53,"organic",2018,"Tampa",1,"Florida",11129.5
